CAMIS,DBA,BORO,ZIPCODE,CUISINE DESCRIPTION,INSPECTION DATE,ACTION,VIOLATION CODE,CRITICAL FLAG,SCORE,GRADE,GRADE DATE,INSPECTION TYPE
50043524,,BRONX,10461,Other,1900-01-01,,,Not Applicable,,,,
50047529,GLEASON'S TAVERN,MANHATTAN,10036,Other,1900-01-01,,,Not Applicable,,,,
50048165,KING JAMAICAN & AMERICAN RESTAURANT INC,MANHATTAN,10030,Other,1900-01-01,,,Not Applicable,,,,
50047819,,MANHATTAN,10003,Other,1900-01-01,,,Not Applicable,,,,
50045807,CHARLEYS PHILLY STEAK,BRONX,10475,Other,1900-01-01,,,Not Applicable,,,,
50048574,,QUEENS,11363,Other,1900-01-01,,,Not Applicable,,,,
50048645,GREGORYS COFFEE,MANHATTAN,10065,Other,1900-01-01,,,Not Applicable,,,,
50046633,PANDA WOK INC,QUEENS,11375,Other,1900-01-01,,,Not Applicable,,,,
50043965,KEENANS,BRONX,10463,Other,1900-01-01,,,Not Applicable,,,,
50049374,,QUEENS,11101,Other,1900-01-01,,,Not Applicable,,,,
50044568,,QUEENS,11101,Other,1900-01-01,,,Not Applicable,,,,
50048762,PINBERRY STORE # 15057,MANHATTAN,10022,Other,1900-01-01,,,Not Applicable,,,,
50048823,,MANHATTAN,10012,Other,1900-01-01,,,Not Applicable,,,,
50047847,,STATEN ISLAND,10302,Other,1900-01-01,,,Not Applicable,,,,
50042988,LA RUBIA RESTAURANT,QUEENS,11368,Other,1900-01-01,,,Not Applicable,,,,
50045949,MR. TONG'S,QUEENS,11374,Other,1900-01-01,,,Not Applicable,,,,
50046514,HILLSIDE DELI & CATERING,QUEENS,11426,Other,1900-01-01,,,Not Applicable,,,,
50046861,MUSCLE MAKER GRILL,MANHATTAN,10010,Other,1900-01-01,,,Not Applicable,,,,
50047031,,BROOKLYN,11232,Other,1900-01-01,,,Not Applicable,,,,
50048062,GEORGIA'S CAFE,MANHATTAN,10019,Other,1900-01-01,,,Not Applicable,,,,
50049181,CAFFEBENE,MANHATTAN,10014,Other,1900-01-01,,,Not Applicable,,,,
50044324,MIRCH,QUEENS,11432,Other,1900-01-01,,,Not Applicable,,,,
50047801,SUNFLOWER CAFE,MANHATTAN,10025,Other,1900-01-01,,,Not Applicable,,,,
50042487,BURGER KING,BROOKLYN,11212,Hamburgers,1900-01-01,,,Not Applicable,,,,
50047911,,QUEENS,11361,Other,1900-01-01,,,Not Applicable,,,,
50046498,,BRONX,10463,Other,1900-01-01,,,Not Applicable,,,,
50049363,UNWIND JUICE BAR,BROOKLYN,11212,Other,1900-01-01,,,Not Applicable,,,,
50047511,,MANHATTAN,10014,Other,1900-01-01,,,Not Applicable,,,,
50044478,,BRONX,10472,Other,1900-01-01,,,Not Applicable,,,,
50047514,JUICE PRESS,MANHATTAN,10024,Other,1900-01-01,,,Not Applicable,,,,
50046226,,BROOKLYN,11233,Other,1900-01-01,,,Not Applicable,,,,
50045290,MSHOBLIURI,BROOKLYN,11223,Other,1900-01-01,,,Not Applicable,,,,
50047587,JUICE PRESS,MANHATTAN,10028,Other,1900-01-01,,,Not Applicable,,,,
50046572,CHENG JI,QUEENS,11354,Other,1900-01-01,,,Not Applicable,,,,
50048405,CRUMBS BAKE SHOP,MANHATTAN,10016,Other,1900-01-01,,,Not Applicable,,,,
50046354,,QUEENS,11106,Other,1900-01-01,,,Not Applicable,,,,
50049027,,MANHATTAN,10001,Other,1900-01-01,,,Not Applicable,,,,
50048905,BRONX DRAFTHOUSE,BRONX,10452,Other,1900-01-01,,,Not Applicable,,,,
50047924,,BRONX,10475,Other,1900-01-01,,,Not Applicable,,,,
50048541,SHAKE SHACK,MANHATTAN,10018,Other,1900-01-01,,,Not Applicable,,,,
50047140,LIQUITERIA,MANHATTAN,10169,Other,1900-01-01,,,Not Applicable,,,,
50045286,,QUEENS,11374,Other,1900-01-01,,,Not Applicable,,,,
50049174,,BROOKLYN,11226,Other,1900-01-01,,,Not Applicable,,,,
50041596,LA ROSA CHICKEN & GRILL,MANHATTAN,10018,Other,1900-01-01,,,Not Applicable,,,,
50048159,STARBUCKS# 7416,MANHATTAN,10004,Other,1900-01-01,,,Not Applicable,,,,
50038237,SAMESA/ED&BEV'S,BROOKLYN,11238,Other,1900-01-01,,,Not Applicable,,,,
50047891,,BROOKLYN,11213,Other,1900-01-01,,,Not Applicable,,,,
50047322,,QUEENS,11358,Other,1900-01-01,,,Not Applicable,,,,
50048392,CRUMBS BAKE SHOP,MANHATTAN,10036,Other,1900-01-01,,,Not Applicable,,,,
50047464,MIRCH,QUEENS,11432,Other,1900-01-01,,,Not Applicable,,,,
50045828,,STATEN ISLAND,10301,Other,1900-01-01,,,Not Applicable,,,,
50035783,SOMNIAC,MANHATTAN,10029,Other,1900-01-01,,,Not Applicable,,,,
50045741,KENNEDY FRIED CHICKEN,BRONX,10459,Other,1900-01-01,,,Not Applicable,,,,
50046253,CHIPOTLE MEXICAN GRILL #2534,MANHATTAN,10018,Other,1900-01-01,,,Not Applicable,,,,
50047105,TACOMIO DELI AND GRILL,BRONX,10468,Other,1900-01-01,,,Not Applicable,,,,
50047337,Paulie's Pizzeria,STATEN ISLAND,10304,Pizza/Italian,1900-01-01,,,Not Applicable,,,,
50048255,LOTTE NEW YORK PALACE,MANHATTAN,10022,Other,1900-01-01,,,Not Applicable,,,,
50043860,,STATEN ISLAND,10305,Other,1900-01-01,,,Not Applicable,,,,
50048787,,BROOKLYN,11238,Other,1900-01-01,,,Not Applicable,,,,
50048640,PLUCK U,BROOKLYN,11201,Other,1900-01-01,,,Not Applicable,,,,
50045622,,BROOKLYN,11222,Other,1900-01-01,,,Not Applicable,,,,
50048711,GALLO NERO III,MANHATTAN,10014,Other,1900-01-01,,,Not Applicable,,,,
50046384,BENVENUTO CAFE FLATIRON,MANHATTAN,10010,Other,1900-01-01,,,Not Applicable,,,,
50044591,,MANHATTAN,10018,Other,1900-01-01,,,Not Applicable,,,,
50045086,,BROOKLYN,11218,Other,1900-01-01,,,Not Applicable,,,,
50048394,SUPER POWER,BROOKLYN,11216,Other,1900-01-01,,,Not Applicable,,,,
50045367,,BRONX,10460,Other,1900-01-01,,,Not Applicable,,,,
50045639,DELIVERY ONLY,MANHATTAN,10005,Other,1900-01-01,,,Not Applicable,,,,
50047433,PUSH FITNESS CLUB,QUEENS,11366,Other,1900-01-01,,,Not Applicable,,,,
50047107,,BROOKLYN,11206,Other,1900-01-01,,,Not Applicable,,,,
50048217,Bd J EXPRESS,MANHATTAN,10019,Other,1900-01-01,,,Not Applicable,,,,
50045947,SPRINGBONE KITCHEN,MANHATTAN,10012,Other,1900-01-01,,,Not Applicable,,,,
50046509,HARU,MANHATTAN,10011,Other,1900-01-01,,,Not Applicable,,,,
50048403,METRO COFFEE SHOP,BROOKLYN,11236,Other,1900-01-01,,,Not Applicable,,,,
50048051,SALSAZASON LLC,BRONX,10455,Other,1900-01-01,,,Not Applicable,,,,
50048297,CAFE GOURMET,BROOKLYN,11201,Other,1900-01-01,,,Not Applicable,,,,
50048260,,QUEENS,11355,Other,1900-01-01,,,Not Applicable,,,,
50045959,,BRONX,10469,Other,1900-01-01,,,Not Applicable,,,,
50049096,,QUEENS,11103,Other,1900-01-01,,,Not Applicable,,,,
50045928,,MANHATTAN,10010,Other,1900-01-01,,,Not Applicable,,,,
50047805,,QUEENS,11358,Other,1900-01-01,,,Not Applicable,,,,
50047595,JUICE PRESS,MANHATTAN,10003,Other,1900-01-01,,,Not Applicable,,,,
50046846,,BRONX,10462,Other,1900-01-01,,,Not Applicable,,,,
50047191,,QUEENS,11432,Other,1900-01-01,,,Not Applicable,,,,
50046346,,QUEENS,11415,Other,1900-01-01,,,Not Applicable,,,,
50046592,STARBUCKS COFFEE COMPANY #25533,MANHATTAN,10038,Other,1900-01-01,,,Not Applicable,,,,
50047957,EL MALECON RESTAURANT,QUEENS,11368,Other,1900-01-01,,,Not Applicable,,,,
50044183,THE SHOP BROOKLYN,BROOKLYN,11237,Barbecue,1900-01-01,,,Not Applicable,,,,
50045635,STATUS Q,BROOKLYN,11209,Other,1900-01-01,,,Not Applicable,,,,
50044311,LEAKE AND WATTS (FEMALE DETENTION CENTER),BRONX,10457,American,1900-01-01,,,Not Applicable,,,,
50045301,,QUEENS,11355,Other,1900-01-01,,,Not Applicable,,,,
50049177,LOLITAS KITCHEN & BURGER HOUSE,MANHATTAN,10128,Other,1900-01-01,,,Not Applicable,,,,
50045730,LE BOTANISTE,MANHATTAN,10065,Other,1900-01-01,,,Not Applicable,,,,
50045905,AFRICA PRODUCT DEVELOPMENT CENTERS,BRONX,10469,Other,1900-01-01,,,Not Applicable,,,,
50046885,,QUEENS,11102,Other,1900-01-01,,,Not Applicable,,,,
50048303,JUICERIE 3,MANHATTAN,10014,Other,1900-01-01,,,Not Applicable,,,,
50046888,,QUEENS,11105,Other,1900-01-01,,,Not Applicable,,,,
50048617,,QUEENS,11435,Other,1900-01-01,,,Not Applicable,,,,
50048052,,QUEENS,11377,Other,1900-01-01,,,Not Applicable,,,,
50049293,,QUEENS,11419,Other,1900-01-01,,,Not Applicable,,,,
50048386,MAMMA CASCARINOS,QUEENS,11356,Other,1900-01-01,,,Not Applicable,,,,
50048717,,MANHATTAN,10022,Other,1900-01-01,,,Not Applicable,,,,
50048686,,MANHATTAN,10031,Other,1900-01-01,,,Not Applicable,,,,
50041073,THE TOPAZ,BROOKLYN,11206,Other,1900-01-01,,,Not Applicable,,,,
50040780,HAKATA TONTON,MANHATTAN,10014,Japanese,1900-01-01,,,Not Applicable,,,,
50046743,,QUEENS,11421,Other,1900-01-01,,,Not Applicable,,,,
50047029,,QUEENS,11102,Other,1900-01-01,,,Not Applicable,,,,
50049070,GALATA MEDITERRANEAN CRUISINE,MANHATTAN,10016,Other,1900-01-01,,,Not Applicable,,,,
50048621,,QUEENS,11364,Other,1900-01-01,,,Not Applicable,,,,
50049103,,QUEENS,11435,Other,1900-01-01,,,Not Applicable,,,,
50048264,PLATE,QUEENS,11355,Other,1900-01-01,,,Not Applicable,,,,
50045701,,BROOKLYN,11223,Other,1900-01-01,,,Not Applicable,,,,
50044866,,BROOKLYN,11211,Other,1900-01-01,,,Not Applicable,,,,
50036761,BROOKLYN NIGHTS BAR AND GRILL,BROOKLYN,11205,Other,1900-01-01,,,Not Applicable,,,,
50037687,KHEMISTRY BAR,BROOKLYN,11221,Other,1900-01-01,,,Not Applicable,,,,
50048902,,STATEN ISLAND,10305,Other,1900-01-01,,,Not Applicable,,,,
50048632,,BRONX,10470,Other,1900-01-01,,,Not Applicable,,,,
50042217,SILVER LINING CAFE,BROOKLYN,11211,Other,1900-01-01,,,Not Applicable,,,,
50046259,ESSENTIAL CUISINE,BRONX,10458,Other,1900-01-01,,,Not Applicable,,,,
50048872,,QUEENS,11355,Other,1900-01-01,,,Not Applicable,,,,
50044506,,BROOKLYN,11218,Other,1900-01-01,,,Not Applicable,,,,
50048487,EASTFIELD'S,MANHATTAN,10075,Other,1900-01-01,,,Not Applicable,,,,
50046158,ZEST SZECHUAN,MANHATTAN,10018,Chinese,1900-01-01,,,Not Applicable,,,,
50045209,NEW POP'S RESTAURANT,QUEENS,11421,Other,1900-01-01,,,Not Applicable,,,,
50046227,NAIVE,BROOKLYN,11211,Tapas,1900-01-01,,,Not Applicable,,,,
41711430,AQUALINA GRILL,BROOKLYN,11235,Other,1900-01-01,,,Not Applicable,,,,
50017231,ALBA BAR CAFE,BRONX,10469,Other,1900-01-01,,,Not Applicable,,,,
50048142,INTERCONTINENTAL BANQUET KITCHEN NEW YORK BARCLAY,MANHATTAN,10017,Other,1900-01-01,,,Not Applicable,,,,
50043588,SUN HOUSE CAFE,BROOKLYN,11232,Other,1900-01-01,,,Not Applicable,,,,
50049276,SPICE KITCHEN,QUEENS,11378,Other,1900-01-01,,,Not Applicable,,,,
50045573,ORIENTAL NOODLE SHOP,MANHATTAN,10017,Other,1900-01-01,,,Not Applicable,,,,
50047995,,QUEENS,11101,Other,1900-01-01,,,Not Applicable,,,,
50048104,KING WOK,QUEENS,11362,Other,1900-01-01,,,Not Applicable,,,,
50038846,LOL STAND UP COMEDY,MANHATTAN,10036,Vegetarian,1900-01-01,,,Not Applicable,,,,
50049010,FLIK INTERNATIONAL CORP,MANHATTAN,10019,Other,1900-01-01,,,Not Applicable,,,,
50047279,CARBONE,MANHATTAN,10018,Other,1900-01-01,,,Not Applicable,,,,
50048970,POPEYES LOUISIANA KITCHEN,BROOKLYN,11216,Other,1900-01-01,,,Not Applicable,,,,
50049335,,BROOKLYN,11220,Other,1900-01-01,,,Not Applicable,,,,
50044751,MUSSEL'S N SAUSAGES,QUEENS,11105,Other,1900-01-01,,,Not Applicable,,,,
50047137,LA COCINA DE ALEX CAFE BAR & LOUNGE,QUEENS,11418,Other,1900-01-01,,,Not Applicable,,,,
50042700,BEDFORD COFFEE COMPANY/STARBUCKS,BROOKLYN,11225,Other,1900-01-01,,,Not Applicable,,,,
50047967,FILAGA PIZZERIA,MANHATTAN,10011,Pizza/Italian,1900-01-01,,,Not Applicable,,,,
50046043,,MANHATTAN,10034,Other,1900-01-01,,,Not Applicable,,,,
50047981,TWO BOOTS MIDTOWN EAST,MANHATTAN,10016,Other,1900-01-01,,,Not Applicable,,,,
50046890,,BROOKLYN,11201,Other,1900-01-01,,,Not Applicable,,,,
50047834,SUBWAY SANDWICHES,BROOKLYN,11236,Other,1900-01-01,,,Not Applicable,,,,
50043681,COFFEED Corporation,MANHATTAN,10014,Other,1900-01-01,,,Not Applicable,,,,
50048330,COMPLETE BODY & SPA,MANHATTAN,10011,Other,1900-01-01,,,Not Applicable,,,,
50049095,,MANHATTAN,10011,Other,1900-01-01,,,Not Applicable,,,,
50047203,,BROOKLYN,11214,Other,1900-01-01,,,Not Applicable,,,,
50046832,,QUEENS,11415,Other,1900-01-01,,,Not Applicable,,,,
50048964,,MANHATTAN,10032,Other,1900-01-01,,,Not Applicable,,,,
50047045,LIFECAFE,MANHATTAN,10036,Other,1900-01-01,,,Not Applicable,,,,
50048701,SAMIA'S FINE MEDITERRANEAN CUISINE,BROOKLYN,11209,Other,1900-01-01,,,Not Applicable,,,,
50048604,,BROOKLYN,11214,Other,1900-01-01,,,Not Applicable,,,,
50047125,,MANHATTAN,10065,Other,1900-01-01,,,Not Applicable,,,,
50047692,DUETSCHE BANK - MAIN CAFE,MANHATTAN,10005,Other,1900-01-01,,,Not Applicable,,,,
50017408,CHICKEN AND SHAKES,QUEENS,11365,Other,1900-01-01,,,Not Applicable,,,,
50045823,THE FOOD COURT,QUEENS,11434,Other,1900-01-01,,,Not Applicable,,,,
50047502,ANNABELLE'S,BROOKLYN,11228,Other,1900-01-01,,,Not Applicable,,,,
50046096,,QUEENS,11372,Other,1900-01-01,,,Not Applicable,,,,
50048073,,QUEENS,11354,Other,1900-01-01,,,Not Applicable,,,,
50048691,,MANHATTAN,10002,Other,1900-01-01,,,Not Applicable,,,,
50047973,TAKOYAKI BAR,MANHATTAN,10019,Other,1900-01-01,,,Not Applicable,,,,
50048227,THE FARM ON ADDERLEY,BROOKLYN,11218,Other,1900-01-01,,,Not Applicable,,,,
50046094,BLU RESTAURANT LOUNGE,BRONX,10457,Other,1900-01-01,,,Not Applicable,,,,
50047446,OLA' VIVABAR,MANHATTAN,10075,Other,1900-01-01,,,Not Applicable,,,,
50047560,,MANHATTAN,10121,Other,1900-01-01,,,Not Applicable,,,,
50047006,ALMANAC,MANHATTAN,10017,Other,1900-01-01,,,Not Applicable,,,,
50048012,,QUEENS,11103,Other,1900-01-01,,,Not Applicable,,,,
50047762,BALADE EASTERN MEDITERRANEAN,MANHATTAN,10018,Other,1900-01-01,,,Not Applicable,,,,
50048428,CRUMBS BAKE SHOP,MANHATTAN,10128,Other,1900-01-01,,,Not Applicable,,,,
50048373,,QUEENS,11354,Other,1900-01-01,,,Not Applicable,,,,
50048446,PIKINE AFRICAN RESTAURANT,MANHATTAN,10026,Other,1900-01-01,,,Not Applicable,,,,
50049379,B.GOOD,BROOKLYN,11201,Other,1900-01-01,,,Not Applicable,,,,
50045619,,QUEENS,11420,Other,1900-01-01,,,Not Applicable,,,,
50043523,,BROOKLYN,11219,Other,1900-01-01,,,Not Applicable,,,,
50043945,,MANHATTAN,10016,Other,1900-01-01,,,Not Applicable,,,,
50046513,SUSHI DAIZEN,QUEENS,11101,Other,1900-01-01,,,Not Applicable,,,,
50047625,HAI STREET KITCHEN AND CO.,MANHATTAN,10169,Other,1900-01-01,,,Not Applicable,,,,
50048942,CARVEL,STATEN ISLAND,10309,Other,1900-01-01,,,Not Applicable,,,,
50047362,CAFE HONG KONG,MANHATTAN,10013,Chinese,1900-01-01,,,Not Applicable,,,,
50045350,NOSTRO,BROOKLYN,11215,Other,1900-01-01,,,Not Applicable,,,,
50045782,OLLIE'S CHINESE RESTAURANT,MANHATTAN,10025,Chinese,1900-01-01,,,Not Applicable,,,,
50048199,,BROOKLYN,11210,Other,1900-01-01,,,Not Applicable,,,,
50049310,"SCHOLASTIC, INC",MANHATTAN,10012,Other,1900-01-01,,,Not Applicable,,,,
50048761,STARBUCKS COFFEE COMPANY STORE # 029941,MANHATTAN,10065,Other,1900-01-01,,,Not Applicable,,,,
50043772,THE HAMILTON,MANHATTAN,10025,American,1900-01-01,,,Not Applicable,,,,
50046314,,BRONX,10451,Other,1900-01-01,,,Not Applicable,,,,
50047033,,QUEENS,11375,Other,1900-01-01,,,Not Applicable,,,,
50048768,MIMI CHENG'S DUMPLINGS,MANHATTAN,10013,Other,1900-01-01,,,Not Applicable,,,,
50047960,,QUEENS,11368,Other,1900-01-01,,,Not Applicable,,,,
50041567,LI-LIS,MANHATTAN,10002,Other,1900-01-01,,,Not Applicable,,,,
50044476,,MANHATTAN,10016,Other,1900-01-01,,,Not Applicable,,,,
50048965,GEORGIA,MANHATTAN,10002,Other,1900-01-01,,,Not Applicable,,,,
50048036,,BRONX,10461,Other,1900-01-01,,,Not Applicable,,,,
50048058,POPEYES LOUISIANA KITCHEN,QUEENS,11421,Other,1900-01-01,,,Not Applicable,,,,
50045489,ELMA'S OF HARLEM,MANHATTAN,10026,Other,1900-01-01,,,Not Applicable,,,,
50047532,,BROOKLYN,11203,Other,1900-01-01,,,Not Applicable,,,,
50047216,,MANHATTAN,10004,Other,1900-01-01,,,Not Applicable,,,,
50049213,,STATEN ISLAND,10306,Other,1900-01-01,,,Not Applicable,,,,
50046783,,BRONX,10456,Other,1900-01-01,,,Not Applicable,,,,
50046749,,MANHATTAN,10002,Other,1900-01-01,,,Not Applicable,,,,
50048138,INTERCONTINENTAL NEW YORK EMPLOYEE CAFE,MANHATTAN,10017,Other,1900-01-01,,,Not Applicable,,,,
50046392,JONATTAN RESTAURANT,BRONX,10451,Other,1900-01-01,,,Not Applicable,,,,
50049315,,MANHATTAN,10004,Other,1900-01-01,,,Not Applicable,,,,
50049274,,BROOKLYN,11235,Other,1900-01-01,,,Not Applicable,,,,
50047234,,QUEENS,11354,Other,1900-01-01,,,Not Applicable,,,,
50048464,,STATEN ISLAND,10310,Other,1900-01-01,,,Not Applicable,,,,
50047432,JUICE PRESS,QUEENS,11101,Other,1900-01-01,,,Not Applicable,,,,
50047571,DUNKIN DONUTS,MANHATTAN,10001,Other,1900-01-01,,,Not Applicable,,,,
50047680,,MANHATTAN,10029,Other,1900-01-01,,,Not Applicable,,,,
50047803,,MANHATTAN,10028,Other,1900-01-01,,,Not Applicable,,,,
50038027,BROWNS BAGELS,MANHATTAN,10001,Other,1900-01-01,,,Not Applicable,,,,
50049128,101% CAFE,MANHATTAN,10002,Other,1900-01-01,,,Not Applicable,,,,
50048060,ORIGINAL RICKY'S,BROOKLYN,11216,Caribbean,1900-01-01,,,Not Applicable,,,,
50043868,,BROOKLYN,11223,Other,1900-01-01,,,Not Applicable,,,,
50049372,LE PAIN QUOTIDIEN,MANHATTAN,10014,Other,1900-01-01,,,Not Applicable,,,,
50049382,,MANHATTAN,10065,Other,1900-01-01,,,Not Applicable,,,,
50046350,,BRONX,10458,Other,1900-01-01,,,Not Applicable,,,,
50043731,KNOT OF THIS WORLD PRETZELS,QUEENS,11432,Bagels/Pretzels,1900-01-01,,,Not Applicable,,,,
50047177,,BRONX,10467,Other,1900-01-01,,,Not Applicable,,,,
50046355,ATOMIC WINGS/MARSHALL STREET,MANHATTAN,10017,Other,1900-01-01,,,Not Applicable,,,,
50044931,THE LUCKY BEE,MANHATTAN,10002,Other,1900-01-01,,,Not Applicable,,,,
50043972,THAI RICE AND NOODLE,MANHATTAN,10011,Other,1900-01-01,,,Not Applicable,,,,
50041486,KIMOTO ROOFTOP,BROOKLYN,11201,Asian,1900-01-01,,,Not Applicable,,,,
50046762,PASSAGE,QUEENS,11103,Other,1900-01-01,,,Not Applicable,,,,
50048635,LE PAIN QUOTIDIEN,MANHATTAN,10023,Other,1900-01-01,,,Not Applicable,,,,
50047192,,MANHATTAN,10027,Other,1900-01-01,,,Not Applicable,,,,
50046893,HAKU,MANHATTAN,10022,Other,1900-01-01,,,Not Applicable,,,,
50049226,,BROOKLYN,11204,Other,1900-01-01,,,Not Applicable,,,,
50046760,,BROOKLYN,11210,Other,1900-01-01,,,Not Applicable,,,,
50048222,,MANHATTAN,10029,Other,1900-01-01,,,Not Applicable,,,,
50048348,,MANHATTAN,10029,Other,1900-01-01,,,Not Applicable,,,,
50046746,,BROOKLYN,11226,Other,1900-01-01,,,Not Applicable,,,,
41719331,GIOVANNI'S ITALIAN PIZZERIA,MANHATTAN,10025,Other,1900-01-01,,,Not Applicable,,,,
50048433,FLUFFY'S CAFE & PIZZERIA,MANHATTAN,10019,Other,1900-01-01,,,Not Applicable,,,,
50047583,ROCK AND REILLYS,MANHATTAN,10001,Other,1900-01-01,,,Not Applicable,,,,
50047074,,QUEENS,11423,Other,1900-01-01,,,Not Applicable,,,,
50047379,THE ROSEMONT,BROOKLYN,11206,Other,1900-01-01,,,Not Applicable,,,,
50046626,,STATEN ISLAND,10310,Other,1900-01-01,,,Not Applicable,,,,
50043049,MONTE GRAB & GO MARKET,BRONX,10461,American,1900-01-01,,,Not Applicable,,,,
50049061,C'MON EVERYBODY,BROOKLYN,11238,Other,1900-01-01,,,Not Applicable,,,,
50044880,Kam Guo Kitchen,QUEENS,11434,Other,1900-01-01,,,Not Applicable,,,,
50047346,BLUE SKY BAKERY,BROOKLYN,11225,Other,1900-01-01,,,Not Applicable,,,,
50048043,,BRONX,10454,Other,1900-01-01,,,Not Applicable,,,,
50046554,,QUEENS,11354,Other,1900-01-01,,,Not Applicable,,,,
50047579,JUICE PRESS,MANHATTAN,10128,Other,1900-01-01,,,Not Applicable,,,,
50047276,SUBWAY 26206,QUEENS,11379,Other,1900-01-01,,,Not Applicable,,,,
50048257,PATE PALO,MANHATTAN,10034,Other,1900-01-01,,,Not Applicable,,,,
50044528,,BROOKLYN,11232,Other,1900-01-01,,,Not Applicable,,,,
50047799,CHUCK AND BLADE - BUNS BAR,MANHATTAN,10011,Other,1900-01-01,,,Not Applicable,,,,
50049072,GOWASABI,QUEENS,11103,Other,1900-01-01,,,Not Applicable,,,,
50047078,ABA SUSHI,MANHATTAN,10028,Other,1900-01-01,,,Not Applicable,,,,
50049317,SHUTTLE ROTH & ZABEL,MANHATTAN,10022,Other,1900-01-01,,,Not Applicable,,,,
50046536,PITA GRILL,MANHATTAN,10016,Mediterranean,1900-01-01,,,Not Applicable,,,,
50045766,,MANHATTAN,10036,Other,1900-01-01,,,Not Applicable,,,,
50045446,PROPELLERHEAD,BROOKLYN,11218,Other,1900-01-01,,,Not Applicable,,,,
50047686,CARNEGIE CUP CAFE,MANHATTAN,10128,Other,1900-01-01,,,Not Applicable,,,,
50042718,SEABREEZE FOOD,BROOKLYN,11236,Other,1900-01-01,,,Not Applicable,,,,
50038012,BRESIS DEL MAR,STATEN ISLAND,10310,Other,1900-01-01,,,Not Applicable,,,,
50047616,POCION,MANHATTAN,10033,Other,1900-01-01,,,Not Applicable,,,,
50046815,,QUEENS,11103,Other,1900-01-01,,,Not Applicable,,,,
50046659,HONEST CHOPS BURGERS,MANHATTAN,10012,Other,1900-01-01,,,Not Applicable,,,,
50046988,ORWASHERS,MANHATTAN,10024,Other,1900-01-01,,,Not Applicable,,,,
50048336,MC DONALDS,QUEENS,11373,Other,1900-01-01,,,Not Applicable,,,,
50049262,,STATEN ISLAND,10301,Other,1900-01-01,,,Not Applicable,,,,
50047825,L'AMICO,MANHATTAN,10001,Other,1900-01-01,,,Not Applicable,,,,
50048821,LA SALLE DUMPLING ROOM,MANHATTAN,10027,Other,1900-01-01,,,Not Applicable,,,,
50047227,NEW CAMPENA PIZZERIA,STATEN ISLAND,10303,Other,1900-01-01,,,Not Applicable,,,,
50044575,,QUEENS,11372,Other,1900-01-01,,,Not Applicable,,,,
50045013,,QUEENS,11358,Other,1900-01-01,,,Not Applicable,,,,
50042669,LA DAMA'S COOKIES,BROOKLYN,11218,Other,1900-01-01,,,Not Applicable,,,,
50047555,SQUARESPACE,MANHATTAN,10014,Other,1900-01-01,,,Not Applicable,,,,
50047189,,BROOKLYN,11229,Other,1900-01-01,,,Not Applicable,,,,
50047577,JUICE PRESS,MANHATTAN,10024,Other,1900-01-01,,,Not Applicable,,,,
50041904,HUMBERTO'S RICE & BEANS RESTAURANT,MANHATTAN,10033,Other,1900-01-01,,,Not Applicable,,,,
50046425,2 BROS PIZZA,MANHATTAN,10018,Other,1900-01-01,,,Not Applicable,,,,
50048579,,QUEENS,11377,Other,1900-01-01,,,Not Applicable,,,,
50044004,,QUEENS,11369,Other,1900-01-01,,,Not Applicable,,,,
50044611,,BROOKLYN,11215,Other,1900-01-01,,,Not Applicable,,,,
50047624,YAMI-ICHI,BROOKLYN,11215,Other,1900-01-01,,,Not Applicable,,,,
50045954,,MANHATTAN,10013,Other,1900-01-01,,,Not Applicable,,,,
50048219,MELTBAKERY INC,MANHATTAN,10004,Other,1900-01-01,,,Not Applicable,,,,
50046182,,BRONX,10461,Other,1900-01-01,,,Not Applicable,,,,
50046212,2ND CITY,MANHATTAN,10014,Other,1900-01-01,,,Not Applicable,,,,
50047011,,QUEENS,11421,Other,1900-01-01,,,Not Applicable,,,,
50044562,ROOKIE'S SPORTS BAR & GRILL,STATEN ISLAND,10312,Other,1900-01-01,,,Not Applicable,,,,
50047617,,QUEENS,11106,Other,1900-01-01,,,Not Applicable,,,,
50046375,ICHIBA RAMEN,MANHATTAN,10003,Other,1900-01-01,,,Not Applicable,,,,
50044095,SABORES RESTAURANT & BAR,QUEENS,11385,Other,1900-01-01,,,Not Applicable,,,,
50048509,,MANHATTAN,10018,Other,1900-01-01,,,Not Applicable,,,,
50047964,,BROOKLYN,11224,Other,1900-01-01,,,Not Applicable,,,,
50047979,MAMASUSHI,MANHATTAN,10031,Other,1900-01-01,,,Not Applicable,,,,
50047557,ENCORE RESTAURANT,BROOKLYN,11209,Other,1900-01-01,,,Not Applicable,,,,
50048578,TACUBA,MANHATTAN,10019,Other,1900-01-01,,,Not Applicable,,,,
50012529,LOPEZ JER DELI-GROCERY  INC,BROOKLYN,11221,Other,1900-01-01,,,Not Applicable,,,,
50044744,AMERIGO,QUEENS,11101,Other,1900-01-01,,,Not Applicable,,,,
50047196,,BRONX,10472,Other,1900-01-01,,,Not Applicable,,,,
50046901,,BROOKLYN,11235,Other,1900-01-01,,,Not Applicable,,,,
50048961,,BRONX,10468,Other,1900-01-01,,,Not Applicable,,,,
50048214,,BROOKLYN,11220,Other,1900-01-01,,,Not Applicable,,,,
50048982,SUNNY RESTAURANT,QUEENS,11691,Other,1900-01-01,,,Not Applicable,,,,
50046164,CAFE BEIT,BROOKLYN,11249,CafÃ©/Coffee/Tea,1900-01-01,,,Not Applicable,,,,
50046665,,MANHATTAN,10002,Other,1900-01-01,,,Not Applicable,,,,
50034452,BONO TRATTORIA,MANHATTAN,10031,Other,1900-01-01,,,Not Applicable,,,,
50047918,,MANHATTAN,10065,Other,1900-01-01,,,Not Applicable,,,,
50043939,,BROOKLYN,11221,Other,1900-01-01,,,Not Applicable,,,,
50047724,THE BLOND,MANHATTAN,10013,Other,1900-01-01,,,Not Applicable,,,,
50047591,JUICE PRESS,MANHATTAN,10012,Other,1900-01-01,,,Not Applicable,,,,
50043733,THE OZONE DINER,QUEENS,11414,American,1900-01-01,,,Not Applicable,,,,
50046579,BIRCH COFFEE,BRONX,10474,Other,1900-01-01,,,Not Applicable,,,,
50048471,,STATEN ISLAND,10302,Other,1900-01-01,,,Not Applicable,,,,
50047733,CARDIFF GIANT,BROOKLYN,11205,Other,1900-01-01,,,Not Applicable,,,,
50047519,Poulette,MANHATTAN,10017,Other,1900-01-01,,,Not Applicable,,,,
50042951,DHANSHIRI CHINESE,QUEENS,11432,Other,1900-01-01,,,Not Applicable,,,,
50035551,DRINK,BROOKLYN,11238,Other,1900-01-01,,,Not Applicable,,,,
50049279,,MANHATTAN,10002,Other,1900-01-01,,,Not Applicable,,,,
50048566,OCEAN BAGELS,QUEENS,11694,Other,1900-01-01,,,Not Applicable,,,,
50046369,CHAMPS KITCHEN VELOCE,MANHATTAN,10038,Other,1900-01-01,,,Not Applicable,,,,
50048206,,Missing,77385,Other,1900-01-01,,,Not Applicable,,,,
50047168,UNCLE LOUIE ''G'',BROOKLYN,11218,Other,1900-01-01,,,Not Applicable,,,,
50045835,,BRONX,10473,Other,1900-01-01,,,Not Applicable,,,,
50047418,CHEZ MATY ET SOKHNA,MANHATTAN,10027,Other,1900-01-01,,,Not Applicable,,,,
50048582,,BROOKLYN,11203,Other,1900-01-01,,,Not Applicable,,,,
50046859,Sticky's Finger Joint,MANHATTAN,10036,Other,1900-01-01,,,Not Applicable,,,,
50046485,J & G DELI,MANHATTAN,10016,Other,1900-01-01,,,Not Applicable,,,,
50046087,REVLON BAR @ METROPOLITAN OPERA,MANHATTAN,10023,Other,1900-01-01,,,Not Applicable,,,,
50043145,PERFECT PICNIC,MANHATTAN,10040,Other,1900-01-01,,,Not Applicable,,,,
50048535,KA WAH CHINESE RESTAURANT OF VALENTINE,BRONX,10458,Other,1900-01-01,,,Not Applicable,,,,
50047553,,QUEENS,11354,Other,1900-01-01,,,Not Applicable,,,,
50045170,,QUEENS,11372,Other,1900-01-01,,,Not Applicable,,,,
50045771,,MANHATTAN,10019,Other,1900-01-01,,,Not Applicable,,,,
50046754,WOLFNIGHTS,MANHATTAN,10002,Other,1900-01-01,,,Not Applicable,,,,
50047516,JUICE PRESS,MANHATTAN,10036,Other,1900-01-01,,,Not Applicable,,,,
50049330,,QUEENS,11385,Other,1900-01-01,,,Not Applicable,,,,
50047906,,MANHATTAN,10002,Other,1900-01-01,,,Not Applicable,,,,
50047345,DIRTY PRECIOUS,BROOKLYN,11215,Other,1900-01-01,,,Not Applicable,,,,
50047584,ROCK AND REILLYS PATIO,MANHATTAN,10001,Other,1900-01-01,,,Not Applicable,,,,
50047851,JONNY'S PANINI II,MANHATTAN,10018,Other,1900-01-01,,,Not Applicable,,,,
50045232,,BROOKLYN,11230,Other,1900-01-01,,,Not Applicable,,,,
50046586,SUSHI GANSO,BROOKLYN,11217,Other,1900-01-01,,,Not Applicable,,,,
50044736,GEBHARD'S BEER CULTURE,MANHATTAN,10023,Other,1900-01-01,,,Not Applicable,,,,
50048110,,BROOKLYN,11232,Other,1900-01-01,,,Not Applicable,,,,
50046954,SHAKE SHACK,MANHATTAN,10038,Other,1900-01-01,,,Not Applicable,,,,
50043978,KINGSLEY,MANHATTAN,10009,Other,1900-01-01,,,Not Applicable,,,,
50048338,,QUEENS,11434,Other,1900-01-01,,,Not Applicable,,,,
50048856,REED SMITH CAFE,MANHATTAN,10022,Other,1900-01-01,,,Not Applicable,,,,
50048622,STARBUCKS COFFEE #26188,MANHATTAN,10004,Other,1900-01-01,,,Not Applicable,,,,
50049290,ORCHIDEA RESTAURANT,BROOKLYN,11219,Other,1900-01-01,,,Not Applicable,,,,
50046995,DUNKIN DONUTS,BROOKLYN,11214,Other,1900-01-01,,,Not Applicable,,,,
50048705,,MANHATTAN,10011,Other,1900-01-01,,,Not Applicable,,,,
50046218,MAISON THAI,MANHATTAN,10016,Thai,1900-01-01,,,Not Applicable,,,,
50046025,PIZZERIA SIRENETTA,MANHATTAN,10024,Pizza,1900-01-01,,,Not Applicable,,,,
50042959,MONTE PIZZA,BRONX,10458,Other,1900-01-01,,,Not Applicable,,,,
50047479,,BROOKLYN,11206,Other,1900-01-01,,,Not Applicable,,,,
50048540,LES CAFES LACOLOMBE,MANHATTAN,10012,Other,1900-01-01,,,Not Applicable,,,,
50039027,CUPS AND STRAWS,QUEENS,11355,"Juice, Smoothies, Fruit Salads",1900-01-01,,,Not Applicable,,,,
50017938,RILIA,BROOKLYN,11211,Other,1900-01-01,,,Not Applicable,,,,
50046668,LITTLE GREEK CAFE,QUEENS,11361,CafÃ©/Coffee/Tea,1900-01-01,,,Not Applicable,,,,
50047545,,STATEN ISLAND,10307,Other,1900-01-01,,,Not Applicable,,,,
50048274,,BROOKLYN,11207,Other,1900-01-01,,,Not Applicable,,,,
50046023,,BRONX,10472,Other,1900-01-01,,,Not Applicable,,,,
50044902,HOGSHEAD TAVERN,MANHATTAN,10031,Other,1900-01-01,,,Not Applicable,,,,
50047782,,MANHATTAN,10128,Other,1900-01-01,,,Not Applicable,,,,
50047621,MALLIARAKIS,BRONX,10455,Other,1900-01-01,,,Not Applicable,,,,
50044808,,BROOKLYN,11237,Other,1900-01-01,,,Not Applicable,,,,
50047427,,STATEN ISLAND,10306,Other,1900-01-01,,,Not Applicable,,,,
50046578,333 LOUNGE,BROOKLYN,11217,Caribbean,1900-01-01,,,Not Applicable,,,,
50046921,,QUEENS,11426,Other,1900-01-01,,,Not Applicable,,,,
50039571,A+ ROOF BAR,QUEENS,11354,Other,1900-01-01,,,Not Applicable,,,,
50046380,LA BAGUETTE SHOP,QUEENS,11411,Other,1900-01-01,,,Not Applicable,,,,
50046370,THE CHEESECAKE FACTORY,QUEENS,11373,Other,1900-01-01,,,Not Applicable,,,,
50046062,NEW YORK PULAO KABAB,QUEENS,11101,Other,1900-01-01,,,Not Applicable,,,,
50048426,CRUMBS BAKE SHOP,MANHATTAN,10022,Other,1900-01-01,,,Not Applicable,,,,
50048654,RAFAEL GARCIA,BROOKLYN,11214,Other,1900-01-01,,,Not Applicable,,,,
50045892,,BRONX,10451,Other,1900-01-01,,,Not Applicable,,,,
50046747,,BROOKLYN,11237,Other,1900-01-01,,,Not Applicable,,,,
50049329,,STATEN ISLAND,10301,Other,1900-01-01,,,Not Applicable,,,,
50046494,,BROOKLYN,11236,Other,1900-01-01,,,Not Applicable,,,,
50047539,,QUEENS,11101,Other,1900-01-01,,,Not Applicable,,,,
50043497,,BROOKLYN,11221,Other,1900-01-01,,,Not Applicable,,,,
50044453,NY BAGEL CANFE N DELI,BROOKLYN,11223,Other,1900-01-01,,,Not Applicable,,,,
50049171,CREPE SUCRE LLC,MANHATTAN,10014,Other,1900-01-01,,,Not Applicable,,,,
50049220,,BROOKLYN,11221,Other,1900-01-01,,,Not Applicable,,,,
50048618,,QUEENS,11105,Other,1900-01-01,,,Not Applicable,,,,
50046500,,MANHATTAN,10029,Other,1900-01-01,,,Not Applicable,,,,
50049108,,BRONX,10456,Other,1900-01-01,,,Not Applicable,,,,
50049148,,MANHATTAN,10128,Other,1900-01-01,,,Not Applicable,,,,
50046406,SUFFOLK ARMS,MANHATTAN,10002,Other,1900-01-01,,,Not Applicable,,,,
50047769,,MANHATTAN,10027,Other,1900-01-01,,,Not Applicable,,,,
50043977,,BROOKLYN,11226,Other,1900-01-01,,,Not Applicable,,,,
50048671,,MANHATTAN,10028,Other,1900-01-01,,,Not Applicable,,,,
50047425,BLACK FOX COFFEE CO,MANHATTAN,10270,Other,1900-01-01,,,Not Applicable,,,,
50043755,TWO HANDS TRIBECA,MANHATTAN,10013,Australian,1900-01-01,,,Not Applicable,,,,
50047361,,MANHATTAN,10003,Other,1900-01-01,,,Not Applicable,,,,
50041029,NOEL'S BAR & GRILL,BROOKLYN,11233,Other,1900-01-01,,,Not Applicable,,,,
50047599,,MANHATTAN,10002,Other,1900-01-01,,,Not Applicable,,,,
50045467,,BROOKLYN,11211,Other,1900-01-01,,,Not Applicable,,,,
50045642,THAI SLIDERS,MANHATTAN,10011,Other,1900-01-01,,,Not Applicable,,,,
50046100,,BROOKLYN,11218,Other,1900-01-01,,,Not Applicable,,,,
50047854,,QUEENS,11101,Other,1900-01-01,,,Not Applicable,,,,
50038684,HARLEM HOOKAH,MANHATTAN,10027,Other,1900-01-01,,,Not Applicable,,,,
50046671,,MANHATTAN,10002,Other,1900-01-01,,,Not Applicable,,,,
50047085,TIANTI BOOKS CAFE MEDiTATION,MANHATTAN,10018,Other,1900-01-01,,,Not Applicable,,,,
50046892,HAKU,MANHATTAN,10022,Other,1900-01-01,,,Not Applicable,,,,
50038308,EL REY IV BILLIARD & LOUNGE,QUEENS,11421,Other,1900-01-01,,,Not Applicable,,,,
50048225,TOUS LES JOURS,MANHATTAN,10001,Other,1900-01-01,,,Not Applicable,,,,
50048642,GREGORYS COFFEE,MANHATTAN,10017,Other,1900-01-01,,,Not Applicable,,,,
50044008,,QUEENS,11106,Other,1900-01-01,,,Not Applicable,,,,
50049029,,MANHATTAN,10028,Other,1900-01-01,,,Not Applicable,,,,
50045955,,BROOKLYN,11223,Other,1900-01-01,,,Not Applicable,,,,
50044401,Portable Chef,MANHATTAN,10035,Other,1900-01-01,,,Not Applicable,,,,
50047786,KARAOKE CITY,MANHATTAN,10001,Other,1900-01-01,,,Not Applicable,,,,
50045141,,MANHATTAN,10003,Other,1900-01-01,,,Not Applicable,,,,
50049004,,MANHATTAN,10017,Other,1900-01-01,,,Not Applicable,,,,
50045962,MR SOUVLAKI,BROOKLYN,11222,Greek,1900-01-01,,,Not Applicable,,,,
50048842,"BING KITCHEN/BING KITCHEN,LLC",MANHATTAN,10002,Other,1900-01-01,,,Not Applicable,,,,
50048641,,QUEENS,11378,Other,1900-01-01,,,Not Applicable,,,,
50049219,PINK BEAR,QUEENS,11354,Other,1900-01-01,,,Not Applicable,,,,
50044651,BERBICE BAR  AND  RESTAURANT,QUEENS,11432,Other,1900-01-01,,,Not Applicable,,,,
50047156,CAFE BARI,MANHATTAN,10018,Other,1900-01-01,,,Not Applicable,,,,
50048233,LOTTE NEW YORK PALACE EMPLOYEE CAFE,MANHATTAN,10022,Other,1900-01-01,,,Not Applicable,,,,
50045768,,MANHATTAN,10019,Other,1900-01-01,,,Not Applicable,,,,
50048733,EL SOL RESTAURANT,QUEENS,11372,Other,1900-01-01,,,Not Applicable,,,,
50047161,,BRONX,10468,Other,1900-01-01,,,Not Applicable,,,,
50047504,JUICE PRESS,MANHATTAN,10013,Other,1900-01-01,,,Not Applicable,,,,
50043270,EL NOPAL RESTAURANT & JUICE BAR,BROOKLYN,11215,Other,1900-01-01,,,Not Applicable,,,,
50047580,ROCK AND REILLYS,MANHATTAN,10001,Other,1900-01-01,,,Not Applicable,,,,
50048484,,MANHATTAN,10022,Other,1900-01-01,,,Not Applicable,,,,
50048969,,MANHATTAN,10030,Other,1900-01-01,,,Not Applicable,,,,
50047861,,QUEENS,11362,Other,1900-01-01,,,Not Applicable,,,,
50048244,LOTTE NEW YORK PALACE,MANHATTAN,10022,Other,1900-01-01,,,Not Applicable,,,,
50048783,,BROOKLYN,11218,Other,1900-01-01,,,Not Applicable,,,,
50046567,,BRONX,10458,Other,1900-01-01,,,Not Applicable,,,,
50047515,,BROOKLYN,11249,Other,1900-01-01,,,Not Applicable,,,,
50044514,HAO HIANG JU,QUEENS,11354,Other,1900-01-01,,,Not Applicable,,,,
50049322,PREGO'S PIZZA,BRONX,10469,Other,1900-01-01,,,Not Applicable,,,,
50048976,TONYS CAFE,BRONX,10463,Other,1900-01-01,,,Not Applicable,,,,
50044182,HINTERLANDS,BROOKLYN,11218,Other,1900-01-01,,,Not Applicable,,,,
50037845,SUNNYVALE,BROOKLYN,11211,Other,1900-01-01,,,Not Applicable,,,,
50048416,CRUMBS BAKE SHOP,MANHATTAN,10019,Other,1900-01-01,,,Not Applicable,,,,
50043639,MERMAID FINEST DELI,BROOKLYN,11224,Other,1900-01-01,,,Not Applicable,,,,
50045779,SAKURA OF JAPAN,MANHATTAN,10038,Other,1900-01-01,,,Not Applicable,,,,
50049007,,BROOKLYN,11225,Other,1900-01-01,,,Not Applicable,,,,
50046909,CLUB AMADEUS,QUEENS,11373,Other,1900-01-01,,,Not Applicable,,,,
50047703,,BROOKLYN,11209,Other,1900-01-01,,,Not Applicable,,,,
50044727,LE TURTLE,MANHATTAN,10002,Other,1900-01-01,,,Not Applicable,,,,
50040804,SADELLES,MANHATTAN,10012,Other,1900-01-01,,,Not Applicable,,,,
50046863,DELSUR,MANHATTAN,10018,Other,1900-01-01,,,Not Applicable,,,,
50045935,,BRONX,10474,Other,1900-01-01,,,Not Applicable,,,,
50046701,,BRONX,10453,Other,1900-01-01,,,Not Applicable,,,,
50043941,EVEN NEW YORK TIMES SQUARE SOUTH,MANHATTAN,10001,Other,1900-01-01,,,Not Applicable,,,,
50048709,SERENATA,MANHATTAN,10011,Other,1900-01-01,,,Not Applicable,,,,
50045403,TRACKSIDE CAFE,STATEN ISLAND,10305,Other,1900-01-01,,,Not Applicable,,,,
50047106,,STATEN ISLAND,10301,Other,1900-01-01,,,Not Applicable,,,,
50045298,,MANHATTAN,10007,Other,1900-01-01,,,Not Applicable,,,,
50048288,AMORINO,MANHATTAN,10024,Other,1900-01-01,,,Not Applicable,,,,
50048523,GOLD SOUNDS,BROOKLYN,11237,Other,1900-01-01,,,Not Applicable,,,,
50049309,TIN KETTLE,BROOKLYN,11238,Other,1900-01-01,,,Not Applicable,,,,
50047475,SAMBUCA'S CAFE,MANHATTAN,10013,Other,1900-01-01,,,Not Applicable,,,,
50047417,EMMY SQUARED,BROOKLYN,11211,Other,1900-01-01,,,Not Applicable,,,,
50048656,MUSTANG CAFE,MANHATTAN,10018,Other,1900-01-01,,,Not Applicable,,,,
50043696,KHALLE BAR AND GRILL,BRONX,10463,Other,1900-01-01,,,Not Applicable,,,,
50047594,ROWS RESTAURANT LLC,BROOKLYN,11216,Other,1900-01-01,,,Not Applicable,,,,
50049228,LENNY'S 48TH ST,MANHATTAN,10036,Other,1900-01-01,,,Not Applicable,,,,
50045829,,MANHATTAN,10029,Other,1900-01-01,,,Not Applicable,,,,
50049344,,QUEENS,11368,Other,1900-01-01,,,Not Applicable,,,,
50048204,,MANHATTAN,10155,Other,1900-01-01,,,Not Applicable,,,,
50048312,DINJI DRYPOT LEGEND RESTAURANT,QUEENS,11354,Other,1900-01-01,,,Not Applicable,,,,
50046558,,QUEENS,11432,Other,1900-01-01,,,Not Applicable,,,,
50048519,LADY M CONFECTIONS,MANHATTAN,10112,Other,1900-01-01,,,Not Applicable,,,,
50049302,,MANHATTAN,10011,Other,1900-01-01,,,Not Applicable,,,,
50047633,,MANHATTAN,10013,Other,1900-01-01,,,Not Applicable,,,,
50047742,DOUGHNUTTERY,MANHATTAN,10019,Other,1900-01-01,,,Not Applicable,,,,
50047124,NIX,MANHATTAN,10003,Other,1900-01-01,,,Not Applicable,,,,
50032966,DUNKIN' DONUTS,MANHATTAN,10018,Other,1900-01-01,,,Not Applicable,,,,
50047783,CAPPONE'S SALUMERIA,MANHATTAN,10004,Other,1900-01-01,,,Not Applicable,,,,
50048598,,BRONX,10458,Other,1900-01-01,,,Not Applicable,,,,
50049346,CHIRPING CHICKEN,MANHATTAN,10028,Other,1900-01-01,,,Not Applicable,,,,
50045694,NEW WAH LUNG KITCHEN,QUEENS,11105,Other,1900-01-01,,,Not Applicable,,,,
50046856,THE GREAT NORTHERN DELI AND DANISH DOGS,MANHATTAN,10017,Other,1900-01-01,,,Not Applicable,,,,
50044570,STARLIGHT,BROOKLYN,11211,Other,1900-01-01,,,Not Applicable,,,,
50046874,COVINA,MANHATTAN,10016,Other,1900-01-01,,,Not Applicable,,,,
50046992,UPSTATE STOCK,BROOKLYN,11249,Other,1900-01-01,,,Not Applicable,,,,
50044914,SUPREME PROVISIONS,MANHATTAN,10014,Other,1900-01-01,,,Not Applicable,,,,
50047488,SPICE,MANHATTAN,10003,Other,1900-01-01,,,Not Applicable,,,,
50047773,,BROOKLYN,11213,Other,1900-01-01,,,Not Applicable,,,,
50040834,IL PITINO,MANHATTAN,10014,Other,1900-01-01,,,Not Applicable,,,,
50045107,,BROOKLYN,11236,Other,1900-01-01,,,Not Applicable,,,,
50046862,MUSCLE MAKER GRILL,MANHATTAN,10025,Other,1900-01-01,,,Not Applicable,,,,
50046085,,MANHATTAN,10012,Other,1900-01-01,,,Not Applicable,,,,
50049328,,MANHATTAN,10029,Other,1900-01-01,,,Not Applicable,,,,
50048552,,MANHATTAN,10032,Other,1900-01-01,,,Not Applicable,,,,
50049031,,MANHATTAN,10013,Other,1900-01-01,,,Not Applicable,,,,
50045154,RIU PLAZA NEW YORK TIMES SQUARE HOTEL,MANHATTAN,10036,Other,1900-01-01,,,Not Applicable,,,,
50047698,DUETSCHE BANK - CONFERENCE ROOM,MANHATTAN,10005,Other,1900-01-01,,,Not Applicable,,,,
50046750,,MANHATTAN,10013,Other,1900-01-01,,,Not Applicable,,,,
50048420,CRUMBS BAKE SHOP,MANHATTAN,10025,Other,1900-01-01,,,Not Applicable,,,,
50046395,,QUEENS,11694,Other,1900-01-01,,,Not Applicable,,,,
50049019,,MANHATTAN,10035,Other,1900-01-01,,,Not Applicable,,,,
50044576,RIDER,BROOKLYN,11249,Other,1900-01-01,,,Not Applicable,,,,
50047412,CURRY-YA,MANHATTAN,10027,Other,1900-01-01,,,Not Applicable,,,,
50044061,THE VILLAGE GREEN,QUEENS,11357,Other,1900-01-01,,,Not Applicable,,,,
50013031,COFFEED,QUEENS,11101,CafÃ©/Coffee/Tea,1900-01-01,,,Not Applicable,,,,
50049106,,BRONX,10455,Other,1900-01-01,,,Not Applicable,,,,
50047927,,MANHATTAN,10029,Other,1900-01-01,,,Not Applicable,,,,
50047573,,MANHATTAN,10011,Other,1900-01-01,,,Not Applicable,,,,
50048500,,QUEENS,11374,Other,1900-01-01,,,Not Applicable,,,,
50047358,KENNEDY GRILL CHICKEN & PIZZA,BROOKLYN,11221,Chicken,1900-01-01,,,Not Applicable,,,,
50043817,MOJA RESTAURANT,BRONX,10467,Bangladeshi,1900-01-01,,,Not Applicable,,,,
50046624,BLOOMBERG CAFE,MANHATTAN,10017,Other,1900-01-01,,,Not Applicable,,,,
50043999,,QUEENS,11102,Other,1900-01-01,,,Not Applicable,,,,
50048648,CORNER FOOD INC,QUEENS,11354,Other,1900-01-01,,,Not Applicable,,,,
50047647,,BROOKLYN,11238,Other,1900-01-01,,,Not Applicable,,,,
50044208,CAFE ALTO PARADISO,MANHATTAN,10013,American,1900-01-01,,,Not Applicable,,,,
50045376,,QUEENS,11105,Other,1900-01-01,,,Not Applicable,,,,
50049273,WAH HAO EASTERN CORP.,QUEENS,11354,Other,1900-01-01,,,Not Applicable,,,,
50044577,BURGER KING,BRONX,10460,Other,1900-01-01,,,Not Applicable,,,,
50047151,,MANHATTAN,10002,Other,1900-01-01,,,Not Applicable,,,,
50048985,,BROOKLYN,11229,Other,1900-01-01,,,Not Applicable,,,,
50048885,,MANHATTAN,10002,Other,1900-01-01,,,Not Applicable,,,,
50048124,KOFTE PIYAZ RESTAURANT,BROOKLYN,11232,Other,1900-01-01,,,Not Applicable,,,,
50046922,,BROOKLYN,11223,Other,1900-01-01,,,Not Applicable,,,,
50047278,,BROOKLYN,11226,Other,1900-01-01,,,Not Applicable,,,,
50049077,,BROOKLYN,11231,Other,1900-01-01,,,Not Applicable,,,,
50041314,YUMMY ASIAN FOOD,MANHATTAN,10009,Chinese,1900-01-01,,,Not Applicable,,,,
50045837,,BROOKLYN,11226,Other,1900-01-01,,,Not Applicable,,,,
50044339,,BROOKLYN,11214,Other,1900-01-01,,,Not Applicable,,,,
50047598,JUICE PRESS,MANHATTAN,10003,Other,1900-01-01,,,Not Applicable,,,,
50046569,,BRONX,10463,Other,1900-01-01,,,Not Applicable,,,,
50045777,,QUEENS,11373,Other,1900-01-01,,,Not Applicable,,,,
50047780,DUTCH FRED,MANHATTAN,10036,Other,1900-01-01,,,Not Applicable,,,,
50043815,MISTER HOTPOT,QUEENS,11354,Other,1900-01-01,,,Not Applicable,,,,
50047392,,MANHATTAN,10001,Other,1900-01-01,,,Not Applicable,,,,
50048317,THE BURRITO SPOT,STATEN ISLAND,10314,Other,1900-01-01,,,Not Applicable,,,,
50047807,TRINI DELITE,QUEENS,11419,Other,1900-01-01,,,Not Applicable,,,,
50046296,,QUEENS,11369,Other,1900-01-01,,,Not Applicable,,,,
50043012,DASEMI,QUEENS,11354,Other,1900-01-01,,,Not Applicable,,,,
50042900,NEW SANTANA DELI & RESTAURANT,BROOKLYN,11237,Other,1900-01-01,,,Not Applicable,,,,
50049359,DOMENICO VACCA,MANHATTAN,10019,Other,1900-01-01,,,Not Applicable,,,,
50045802,,QUEENS,11103,Other,1900-01-01,,,Not Applicable,,,,
50047001,,BROOKLYN,11210,Other,1900-01-01,,,Not Applicable,,,,
50045991,,BRONX,10468,Other,1900-01-01,,,Not Applicable,,,,
50034728,THE MERMAID INN,MANHATTAN,10024,Other,1900-01-01,,,Not Applicable,,,,
50038965,BESPOKE KITCHEN,MANHATTAN,10014,American,1900-01-01,,,Not Applicable,,,,
50045148,,BROOKLYN,11221,Other,1900-01-01,,,Not Applicable,,,,
50047958,CHICK-FIL-A AT 46TH & 6TH IN-LINE,MANHATTAN,10036,Other,1900-01-01,,,Not Applicable,,,,
50044014,,BRONX,10462,Other,1900-01-01,,,Not Applicable,,,,
50047809,DITMARS BAGELS,QUEENS,11105,Other,1900-01-01,,,Not Applicable,,,,
50047736,TALON BAR,BROOKLYN,11237,Other,1900-01-01,,,Not Applicable,,,,
50047752,,BROOKLYN,11214,Other,1900-01-01,,,Not Applicable,,,,
50046183,BEER CLOSET,QUEENS,11101,Other,1900-01-01,,,Not Applicable,,,,
50048861,,BRONX,10466,Other,1900-01-01,,,Not Applicable,,,,
50045890,,MANHATTAN,10002,Other,1900-01-01,,,Not Applicable,,,,
50049023,PINKBERRY STORE #15049,MANHATTAN,10019,Other,1900-01-01,,,Not Applicable,,,,
50046379,THELEWALA,MANHATTAN,10012,Other,1900-01-01,,,Not Applicable,,,,
50046197,,BROOKLYN,11226,Other,1900-01-01,,,Not Applicable,,,,
50045813,,BROOKLYN,11226,Other,1900-01-01,,,Not Applicable,,,,
50048963,,MANHATTAN,10016,Other,1900-01-01,,,Not Applicable,,,,
50048030,JAMBA JUICE,MANHATTAN,10018,Other,1900-01-01,,,Not Applicable,,,,
50049009,RESTAURANT ASSOCIATES LLC,MANHATTAN,10004,Other,1900-01-01,,,Not Applicable,,,,
50045979,,BROOKLYN,11235,Other,1900-01-01,,,Not Applicable,,,,
50041445,BIBA OF WILLIAMSBURG,BROOKLYN,11249,Other,1900-01-01,,,Not Applicable,,,,
50046451,,BRONX,10460,Other,1900-01-01,,,Not Applicable,,,,
50047008,,QUEENS,11101,Other,1900-01-01,,,Not Applicable,,,,
50047862,JUSTINOS,MANHATTAN,10019,Other,1900-01-01,,,Not Applicable,,,,
50048378,VIN SUR VINGT,MANHATTAN,10024,Other,1900-01-01,,,Not Applicable,,,,
50043982,OLMA CAVIAR BOUTIQUE & LOUNGE,MANHATTAN,10024,Other,1900-01-01,,,Not Applicable,,,,
50044473,,MANHATTAN,10016,Other,1900-01-01,,,Not Applicable,,,,
50048844,,MANHATTAN,10025,Other,1900-01-01,,,Not Applicable,,,,
50048479,MANOLO'S,BROOKLYN,11208,"Latin (Cuban, Dominican, Puerto Rican, South & Central American)",1900-01-01,,,Not Applicable,,,,
50041578,33,BROOKLYN,11217,Other,1900-01-01,,,Not Applicable,,,,
50048295,DUNKIN DONUTS & BASKIN ROBBINS,BROOKLYN,11233,Other,1900-01-01,,,Not Applicable,,,,
50045576,CHILES Y CHOCOLATE CUCINA URBANA,BROOKLYN,11205,Other,1900-01-01,,,Not Applicable,,,,
50043011,,MANHATTAN,10002,Other,1900-01-01,,,Not Applicable,,,,
50046530,,BROOKLYN,11213,Other,1900-01-01,,,Not Applicable,,,,
50049196,,STATEN ISLAND,10306,Other,1900-01-01,,,Not Applicable,,,,
50037720,BUNK*R,BROOKLYN,11238,Other,1900-01-01,,,Not Applicable,,,,
50047974,CASA TOSCANA,MANHATTAN,10019,Other,1900-01-01,,,Not Applicable,,,,
50049046,,QUEENS,11434,Other,1900-01-01,,,Not Applicable,,,,
50045268,,BROOKLYN,11211,Other,1900-01-01,,,Not Applicable,,,,
50044796,,QUEENS,11101,Other,1900-01-01,,,Not Applicable,,,,
50049294,,MANHATTAN,10012,Other,1900-01-01,,,Not Applicable,,,,
50044507,ZAMAAN,BROOKLYN,11235,Other,1900-01-01,,,Not Applicable,,,,
50036394,BROWN SUGAR BAR & RESTAURANT,MANHATTAN,10034,Spanish,1900-01-01,,,Not Applicable,,,,
50044525,,BRONX,10465,Other,1900-01-01,,,Not Applicable,,,,
50048242,LOTTE NEW YORK PALACE,MANHATTAN,10022,Other,1900-01-01,,,Not Applicable,,,,
50044841,,MANHATTAN,10035,Other,1900-01-01,,,Not Applicable,,,,
50048760,,MANHATTAN,10035,Other,1900-01-01,,,Not Applicable,,,,
50049271,,BROOKLYN,11237,Other,1900-01-01,,,Not Applicable,,,,
50048238,BURGERFI,BROOKLYN,11228,Other,1900-01-01,,,Not Applicable,,,,
50048300,,QUEENS,11354,Other,1900-01-01,,,Not Applicable,,,,
50045175,TAPAS ITALIANO,BRONX,10458,Other,1900-01-01,,,Not Applicable,,,,
50047933,,MANHATTAN,10013,Other,1900-01-01,,,Not Applicable,,,,
50045678,,QUEENS,11355,Other,1900-01-01,,,Not Applicable,,,,
50045468,,MANHATTAN,10034,Other,1900-01-01,,,Not Applicable,,,,
50048777,BELLEROSE FAMOUS PIZZA,QUEENS,11374,Other,1900-01-01,,,Not Applicable,,,,
50047496,,BROOKLYN,11225,Other,1900-01-01,,,Not Applicable,,,,
50047636,TAQUERIA SANTA FE,BROOKLYN,11237,Other,1900-01-01,,,Not Applicable,,,,
50047632,,BROOKLYN,11205,Other,1900-01-01,,,Not Applicable,,,,
50046091,PLAYROOM NYC,MANHATTAN,10034,Other,1900-01-01,,,Not Applicable,,,,
50049156,,BRONX,10472,Other,1900-01-01,,,Not Applicable,,,,
50045987,CARI WINE BAR & RESTAURANT,MANHATTAN,10030,Other,1900-01-01,,,Not Applicable,,,,
50048806,WIN SON,BROOKLYN,11206,Other,1900-01-01,,,Not Applicable,,,,
50047506,JUICE PRESS,MANHATTAN,10019,Other,1900-01-01,,,Not Applicable,,,,
50046291,BITE,MANHATTAN,10010,Other,1900-01-01,,,Not Applicable,,,,
50047046,,MANHATTAN,10004,Other,1900-01-01,,,Not Applicable,,,,
50046753,,BROOKLYN,11224,Other,1900-01-01,,,Not Applicable,,,,
50047491,KB 50 KITCHEN BAR,MANHATTAN,10022,Other,1900-01-01,,,Not Applicable,,,,
50039348,LILLIES RESTAURANT & BAR,STATEN ISLAND,10314,Mediterranean,1900-01-01,,,Not Applicable,,,,
50047297,,MANHATTAN,10010,Other,1900-01-01,,,Not Applicable,,,,
50048224,,BROOKLYN,11236,Other,1900-01-01,,,Not Applicable,,,,
50045891,BARANO,BROOKLYN,11249,Other,1900-01-01,,,Not Applicable,,,,
50047371,,MANHATTAN,10002,Other,1900-01-01,,,Not Applicable,,,,
50047245,ALBION,MANHATTAN,10016,Other,1900-01-01,,,Not Applicable,,,,
50046501,NICKY'S PIZZA RESTAURANT,BRONX,10467,Other,1900-01-01,,,Not Applicable,,,,
50047966,BAGEL BELLY,MANHATTAN,10003,Other,1900-01-01,,,Not Applicable,,,,
50047328,,QUEENS,11354,Other,1900-01-01,,,Not Applicable,,,,
50047109,,BRONX,10460,Other,1900-01-01,,,Not Applicable,,,,
50046719,CITIGROUP,MANHATTAN,10013,Other,1900-01-01,,,Not Applicable,,,,
50047507,JUICE PRESS,MANHATTAN,10023,Other,1900-01-01,,,Not Applicable,,,,
50048996,,BROOKLYN,11221,Other,1900-01-01,,,Not Applicable,,,,
50048644,GREGORYS COFFEE,MANHATTAN,10010,Other,1900-01-01,,,Not Applicable,,,,
50047794,,BRONX,10463,Other,1900-01-01,,,Not Applicable,,,,
50047472,FUMO ITALIAN FOOD & PIZZA,MANHATTAN,10031,Other,1900-01-01,,,Not Applicable,,,,
50037667,BOCADILLO,MANHATTAN,10038,Other,1900-01-01,,,Not Applicable,,,,
50048688,,QUEENS,11372,Other,1900-01-01,,,Not Applicable,,,,
50046268,MAISON KAYSER,BROOKLYN,11201,Other,1900-01-01,,,Not Applicable,,,,
50046879,,MANHATTAN,10003,Other,1900-01-01,,,Not Applicable,,,,
50049378,KOOL JUICE & COFFEE BAR,BROOKLYN,11232,Other,1900-01-01,,,Not Applicable,,,,
50047081,Jamaica Hill Top Restaurant Inc,BROOKLYN,11216,Other,1900-01-01,,,Not Applicable,,,,
50049173,,BRONX,10452,Other,1900-01-01,,,Not Applicable,,,,
50049028,PINKBERRY STORE #15045,MANHATTAN,10011,Other,1900-01-01,,,Not Applicable,,,,
50046060,IL MATTONE,MANHATTAN,10013,Other,1900-01-01,,,Not Applicable,,,,
50018891,ROCHAMBEAU ISLANDS KITCHEN,BRONX,10467,Other,1900-01-01,,,Not Applicable,,,,
50045463,,MANHATTAN,10002,Other,1900-01-01,,,Not Applicable,,,,
50048941,CARVEL,STATEN ISLAND,10309,Other,1900-01-01,,,Not Applicable,,,,
50046896,SUSHI GINZA ONODERA,MANHATTAN,10017,Other,1900-01-01,,,Not Applicable,,,,
50047795,KNOCKDOWN CENTER,QUEENS,11378,Other,1900-01-01,,,Not Applicable,,,,
50047822,GULDBORG BAKERY,BROOKLYN,11211,Other,1900-01-01,,,Not Applicable,,,,
50049074,,STATEN ISLAND,10310,Other,1900-01-01,,,Not Applicable,,,,
50048548,,BRONX,10468,Other,1900-01-01,,,Not Applicable,,,,
50047631,SUBWAY,MANHATTAN,10006,Other,1900-01-01,,,Not Applicable,,,,
50046638,SOFIA WINE BAR,MANHATTAN,10022,Other,1900-01-01,,,Not Applicable,,,,
50047015,,MANHATTAN,10022,Other,1900-01-01,,,Not Applicable,,,,
50047119,GREAT WALL CHINESE FOOD,BRONX,10458,Other,1900-01-01,,,Not Applicable,,,,
50049049,,MANHATTAN,10002,Other,1900-01-01,,,Not Applicable,,,,
50044505,,STATEN ISLAND,10303,Other,1900-01-01,,,Not Applicable,,,,
50047058,,BROOKLYN,11206,Other,1900-01-01,,,Not Applicable,,,,
50047581,520 DESSERT,QUEENS,11354,Other,1900-01-01,,,Not Applicable,,,,
50045254,JUE LAN CLUB,MANHATTAN,10011,Other,1900-01-01,,,Not Applicable,,,,
50047071,IL POSTINO,QUEENS,11378,Pizza/Italian,1900-01-01,,,Not Applicable,,,,
50046452,,MANHATTAN,10012,Other,1900-01-01,,,Not Applicable,,,,
50047744,,BRONX,10465,Other,1900-01-01,,,Not Applicable,,,,
50044625,AARONS GRILL,MANHATTAN,10021,Steak,1900-01-01,,,Not Applicable,,,,
50043950,,BRONX,10454,Other,1900-01-01,,,Not Applicable,,,,
50048923,,BROOKLYN,11206,Other,1900-01-01,,,Not Applicable,,,,
50046131,,BROOKLYN,11212,Other,1900-01-01,,,Not Applicable,,,,
50048546,THAILAND CAFE,MANHATTAN,10003,Other,1900-01-01,,,Not Applicable,,,,
50047999,KABAB BITES,MANHATTAN,10013,Other,1900-01-01,,,Not Applicable,,,,
50045533,LITTLE LAMB,BROOKLYN,11220,Other,1900-01-01,,,Not Applicable,,,,
50046770,,QUEENS,11419,Other,1900-01-01,,,Not Applicable,,,,
50048457,BRASSERIE SEOUL,BROOKLYN,11217,Other,1900-01-01,,,Not Applicable,,,,
50048943,,QUEENS,11354,Other,1900-01-01,,,Not Applicable,,,,
50046794,,QUEENS,11385,Other,1900-01-01,,,Not Applicable,,,,
50046470,,MANHATTAN,10014,Other,1900-01-01,,,Not Applicable,,,,
50048520,,QUEENS,11385,Other,1900-01-01,,,Not Applicable,,,,
50048351,,QUEENS,11372,Other,1900-01-01,,,Not Applicable,,,,
50049238,JUICE PRESS,MANHATTAN,10065,Other,1900-01-01,,,Not Applicable,,,,
50047458,,MANHATTAN,10040,Other,1900-01-01,,,Not Applicable,,,,
50045357,,MANHATTAN,10001,Other,1900-01-01,,,Not Applicable,,,,
50045963,,MANHATTAN,10004,Other,1900-01-01,,,Not Applicable,,,,
50048698,,MANHATTAN,10034,Other,1900-01-01,,,Not Applicable,,,,
50046167,SARILING LATIN,QUEENS,11377,Other,1900-01-01,,,Not Applicable,,,,
50045032,,BROOKLYN,11216,Other,1900-01-01,,,Not Applicable,,,,
50048324,,QUEENS,11372,Other,1900-01-01,,,Not Applicable,,,,
50036556,MR. CRIOLLO CAFE,BRONX,10472,"Latin (Cuban, Dominican, Puerto Rican, South & Central American)",1900-01-01,,,Not Applicable,,,,
50033347,SHANGHAI KITCHEN,BROOKLYN,11225,Other,1900-01-01,,,Not Applicable,,,,
50047068,MULBERRY AND VINE,MANHATTAN,10001,Other,1900-01-01,,,Not Applicable,,,,
50038181,THE CORNER GRIND CAFE & CORNER POCKET HALL,STATEN ISLAND,10304,Other,1900-01-01,,,Not Applicable,,,,
50048068,MCDONALDS,QUEENS,11369,Other,1900-01-01,,,Not Applicable,,,,
50006069,CONGEE BOWERY RESTAURANT,MANHATTAN,10002,Other,1900-01-01,,,Not Applicable,,,,
50046016,,MANHATTAN,10002,Other,1900-01-01,,,Not Applicable,,,,
50043688,EL ABUELO PACHANGUERO RESTAURANT,QUEENS,11377,Other,1900-01-01,,,Not Applicable,,,,
50047513,JUICE PRESS,MANHATTAN,10001,Other,1900-01-01,,,Not Applicable,,,,
50045322,,BROOKLYN,11236,Other,1900-01-01,,,Not Applicable,,,,
50044263,SAPPHIRE,STATEN ISLAND,10309,Other,1900-01-01,,,Not Applicable,,,,
50048234,DUNKIN DONUTS & BASKIN ROBBINS,BROOKLYN,11205,Other,1900-01-01,,,Not Applicable,,,,
50047637,HANKI,BROOKLYN,11215,Korean,1900-01-01,,,Not Applicable,,,,
50046039,NISAR AHMAD,BRONX,10456,Other,1900-01-01,,,Not Applicable,,,,
50048838,LE COUCOU,MANHATTAN,10013,Other,1900-01-01,,,Not Applicable,,,,
50047635,,BROOKLYN,11221,Other,1900-01-01,,,Not Applicable,,,,
50049340,,BROOKLYN,11216,Other,1900-01-01,,,Not Applicable,,,,
50046143,,BROOKLYN,11206,Other,1900-01-01,,,Not Applicable,,,,
50047023,,QUEENS,11413,Other,1900-01-01,,,Not Applicable,,,,
50047597,JUICE PRESS,MANHATTAN,10012,Other,1900-01-01,,,Not Applicable,,,,
50047691,DUETSCHE BANK,MANHATTAN,10010,Other,1900-01-01,,,Not Applicable,,,,
50046781,,STATEN ISLAND,10305,Other,1900-01-01,,,Not Applicable,,,,
50033482,MONSTER SAVINGS,MANHATTAN,10029,Delicatessen,1900-01-01,,,Not Applicable,,,,
50047802,,BRONX,10467,Other,1900-01-01,,,Not Applicable,,,,
50047509,FILLMORE DELICATESSEN,MANHATTAN,10128,Other,1900-01-01,,,Not Applicable,,,,
50048662,ELISA'S LOVE BITES,BROOKLYN,11237,Other,1900-01-01,,,Not Applicable,,,,
50049178,YOGURT CITY OF EMMONS INC,BROOKLYN,11235,Other,1900-01-01,,,Not Applicable,,,,
50046549,STARBUCKS COFFEE COMPANY #22716,QUEENS,11374,Other,1900-01-01,,,Not Applicable,,,,
50035315,SEA SKY KTV,QUEENS,11355,Other,1900-01-01,,,Not Applicable,,,,
50048243,,BROOKLYN,11221,Other,1900-01-01,,,Not Applicable,,,,
50046424,,MANHATTAN,10003,Other,1900-01-01,,,Not Applicable,,,,
50047922,SUBWAY #47857,QUEENS,11385,Other,1900-01-01,,,Not Applicable,,,,
50044795,MONTESPINO RESTAURANT,BRONX,10472,Other,1900-01-01,,,Not Applicable,,,,
50046674,THE LOWERY BAR & KITCHEN,QUEENS,11104,Other,1900-01-01,,,Not Applicable,,,,
50049047,MORNING BEE,QUEENS,11102,Other,1900-01-01,,,Not Applicable,,,,
50047127,,MANHATTAN,10016,Other,1900-01-01,,,Not Applicable,,,,
50036692,MILK N' HONEY,MANHATTAN,10038,American,1900-01-01,,,Not Applicable,,,,
50045811,,QUEENS,11103,Other,1900-01-01,,,Not Applicable,,,,
50047590,STUDIO TEN,BROOKLYN,11216,Other,1900-01-01,,,Not Applicable,,,,
50048467,TANENBAUM FAMILY POOL,QUEENS,11362,Other,1900-01-01,,,Not Applicable,,,,
50045339,,BROOKLYN,11230,Other,1900-01-01,,,Not Applicable,,,,
50045129,,BRONX,10456,Other,1900-01-01,,,Not Applicable,,,,
50043560,,QUEENS,11372,Other,1900-01-01,,,Not Applicable,,,,
50044877,THE HARD HATE CAFE,STATEN ISLAND,10301,Other,1900-01-01,,,Not Applicable,,,,
50048637,ZABB CITY,MANHATTAN,10003,Other,1900-01-01,,,Not Applicable,,,,
50048035,,QUEENS,11361,Other,1900-01-01,,,Not Applicable,,,,
50046620,POKE KITCHEN,MANHATTAN,10016,Other,1900-01-01,,,Not Applicable,,,,
50048281,TAJ MASALA,BROOKLYN,11233,Bangladeshi,1900-01-01,,,Not Applicable,,,,
50048655,,QUEENS,11372,Other,1900-01-01,,,Not Applicable,,,,
50047213,SUNSET DEN,BROOKLYN,11232,Other,1900-01-01,,,Not Applicable,,,,
50049169,,MANHATTAN,10128,Other,1900-01-01,,,Not Applicable,,,,
50047021,,BROOKLYN,11212,Other,1900-01-01,,,Not Applicable,,,,
50036062,SECARA,MANHATTAN,10009,American,1900-01-01,,,Not Applicable,,,,
50046141,,BROOKLYN,11213,Other,1900-01-01,,,Not Applicable,,,,
50045012,CHEF EDDIE G'S,MANHATTAN,10035,Tapas,1900-01-01,,,Not Applicable,,,,
50049260,JUDY,MANHATTAN,10018,Other,1900-01-01,,,Not Applicable,,,,
50043445,STERLING AFFAIR-VICTORY CAFE,MANHATTAN,10032,American,1900-01-01,,,Not Applicable,,,,
50047830,,MANHATTAN,10001,Other,1900-01-01,,,Not Applicable,,,,
50046559,,BROOKLYN,11215,Other,1900-01-01,,,Not Applicable,,,,
50042944,K EMINENCE ROYAL LOUNGE,QUEENS,11691,Other,1900-01-01,,,Not Applicable,,,,
50047910,MAMOUN'S FALAFEL,MANHATTAN,10003,Other,1900-01-01,,,Not Applicable,,,,
50047047,,QUEENS,11101,Other,1900-01-01,,,Not Applicable,,,,
50048388,CRUMBS BAKE SHOP,MANHATTAN,10004,Other,1900-01-01,,,Not Applicable,,,,
50047324,LENWICH,MANHATTAN,10018,Other,1900-01-01,,,Not Applicable,,,,
50047490,,BROOKLYN,11220,Other,1900-01-01,,,Not Applicable,,,,
50047226,CHERRY POINT,BROOKLYN,11222,Other,1900-01-01,,,Not Applicable,,,,
50047766,BLUESTONE LANE,MANHATTAN,10003,Other,1900-01-01,,,Not Applicable,,,,
50046404,,BROOKLYN,11217,Other,1900-01-01,,,Not Applicable,,,,
50048355,,QUEENS,11417,Other,1900-01-01,,,Not Applicable,,,,
50044517,DOMINO'S PIZZA,STATEN ISLAND,10314,Other,1900-01-01,,,Not Applicable,,,,
50045318,DELICIOUS PIZZA CAFE,BRONX,10463,Other,1900-01-01,,,Not Applicable,,,,
50048977,,MANHATTAN,10027,Other,1900-01-01,,,Not Applicable,,,,
50043627,NY BRAT FACTORY,MANHATTAN,10025,Other,1900-01-01,,,Not Applicable,,,,
50048150,INTERCONTINENTAL BARCLAY,MANHATTAN,10017,Other,1900-01-01,,,Not Applicable,,,,
50048407,CRUMBS BAKE SHOP,STATEN ISLAND,10314,Other,1900-01-01,,,Not Applicable,,,,
50047217,THE SMITH,MANHATTAN,10001,Other,1900-01-01,,,Not Applicable,,,,
50047765,,QUEENS,11693,Other,1900-01-01,,,Not Applicable,,,,
50039072,LOVERS ROCK,BROOKLYN,11216,Other,1900-01-01,,,Not Applicable,,,,
50046264,STARBUCKS COFFEE COMPANY,QUEENS,11435,Other,1900-01-01,,,Not Applicable,,,,
50035310,DANTE,MANHATTAN,10012,Other,1900-01-01,,,Not Applicable,,,,
50047607,,BROOKLYN,11220,Other,1900-01-01,,,Not Applicable,,,,
50046875,,QUEENS,11354,Other,1900-01-01,,,Not Applicable,,,,
50044262,LA PEQUENA COLOMBIA,QUEENS,11103,Other,1900-01-01,,,Not Applicable,,,,
50045385,,BROOKLYN,11204,Other,1900-01-01,,,Not Applicable,,,,
50049280,PANSHI,QUEENS,11432,Other,1900-01-01,,,Not Applicable,,,,
50049229,LENNY'S 43RD ST,MANHATTAN,10036,Other,1900-01-01,,,Not Applicable,,,,
50046986,THE UGLY DUCKLING,BROOKLYN,11201,Other,1900-01-01,,,Not Applicable,,,,
50049199,,BRONX,10468,Other,1900-01-01,,,Not Applicable,,,,
50048350,,BROOKLYN,11210,Other,1900-01-01,,,Not Applicable,,,,
50044253,RUFFIAN WINE BAR,MANHATTAN,10009,Continental,1900-01-01,,,Not Applicable,,,,
50047675,BLUESTONE LANE,MANHATTAN,10003,Other,1900-01-01,,,Not Applicable,,,,
50048625,,QUEENS,11354,Other,1900-01-01,,,Not Applicable,,,,
50049034,,MANHATTAN,10036,Other,1900-01-01,,,Not Applicable,,,,
50048539,RUBEN'S MEXICAN RESTAURANT,BRONX,10458,Other,1900-01-01,,,Not Applicable,,,,
50046357,,MANHATTAN,10075,Other,1900-01-01,,,Not Applicable,,,,
50046689,SUBWAY,MANHATTAN,10019,Other,1900-01-01,,,Not Applicable,,,,
50048149,,MANHATTAN,10040,Other,1900-01-01,,,Not Applicable,,,,
50047512,JUICE PRESS,MANHATTAN,10016,Other,1900-01-01,,,Not Applicable,,,,
50046990,,MANHATTAN,10280,Other,1900-01-01,,,Not Applicable,,,,
50043592,FILTERED COFFEE BRONX,BRONX,10454,Other,1900-01-01,,,Not Applicable,,,,
50039446,NAMASTE RESTAURANT & CAFE,QUEENS,11004,Other,1900-01-01,,,Not Applicable,,,,
50017062,A PLUS PIZZA OF NY INC,BRONX,10467,Other,1900-01-01,,,Not Applicable,,,,
50048715,,MANHATTAN,10011,Other,1900-01-01,,,Not Applicable,,,,
50040584,EXCELSIOR,BROOKLYN,11215,Other,1900-01-01,,,Not Applicable,,,,
50043315,EL SINALOENSE,BRONX,10468,Other,1900-01-01,,,Not Applicable,,,,
50049005,PEOPLE'S POPS LLC,MANHATTAN,10011,Other,1900-01-01,,,Not Applicable,,,,
50049054,,BROOKLYN,11220,Other,1900-01-01,,,Not Applicable,,,,
50047012,MEYERS BAKERY,MANHATTAN,10017,Other,1900-01-01,,,Not Applicable,,,,
50016318,PINOLE,MANHATTAN,10029,Other,1900-01-01,,,Not Applicable,,,,
50046793,MAHZEDAHR BAKERY,MANHATTAN,10011,Other,1900-01-01,,,Not Applicable,,,,
50048098,LEGENDS HOSPITALITY LLC,BRONX,10451,Other,1900-01-01,,,Not Applicable,,,,
50038429,DELICIAS URBANAS,BROOKLYN,11217,Bakery,1900-01-01,,,Not Applicable,,,,
50048697,,MANHATTAN,10040,Other,1900-01-01,,,Not Applicable,,,,
50048332,,BROOKLYN,11206,Other,1900-01-01,,,Not Applicable,,,,
50034991,CLUB REPUBLIC,BROOKLYN,11221,Other,1900-01-01,,,Not Applicable,,,,
50048478,,QUEENS,11375,Other,1900-01-01,,,Not Applicable,,,,
50046269,,QUEENS,11358,Other,1900-01-01,,,Not Applicable,,,,
50047568,THE FAT MONK,MANHATTAN,10025,Other,1900-01-01,,,Not Applicable,,,,
50049296,CHILLBOX,MANHATTAN,10036,Other,1900-01-01,,,Not Applicable,,,,
50047882,DUNKIN DONUTS,QUEENS,11372,Other,1900-01-01,,,Not Applicable,,,,
50048491,,MANHATTAN,10002,Other,1900-01-01,,,Not Applicable,,,,
50048835,VIACOM CONFERENCE CENTER,MANHATTAN,10036,Other,1900-01-01,,,Not Applicable,,,,
50047992,,BROOKLYN,11218,Other,1900-01-01,,,Not Applicable,,,,
50047407,EAT PRODUCTIONS,BROOKLYN,11205,Other,1900-01-01,,,Not Applicable,,,,
50047817,LITTLE BEET,MANHATTAN,10001,Other,1900-01-01,,,Not Applicable,,,,
50047325,JUUA.ME,QUEENS,11105,Other,1900-01-01,,,Not Applicable,,,,
50045333,,STATEN ISLAND,10303,Other,1900-01-01,,,Not Applicable,,,,
50045331,RESTAURANT MARKETING ASSOCIATES,MANHATTAN,10036,American,1900-01-01,,,Not Applicable,,,,
50048817,BARN JOO 35,MANHATTAN,10001,Other,1900-01-01,,,Not Applicable,,,,
50045674,,QUEENS,11354,Other,1900-01-01,,,Not Applicable,,,,
50048346,BAR NINE,MANHATTAN,10018,Other,1900-01-01,,,Not Applicable,,,,
50047548,,QUEENS,11358,Other,1900-01-01,,,Not Applicable,,,,
50043863,1080 BREW,QUEENS,11385,Other,1900-01-01,,,Not Applicable,,,,
50048335,57TH BELLE HOUSE,MANHATTAN,10022,Other,1900-01-01,,,Not Applicable,,,,
50048240,DUNKIN DONUTS & BASKIN ROBBINS,BROOKLYN,11207,Other,1900-01-01,,,Not Applicable,,,,
50048586,,MANHATTAN,10022,Other,1900-01-01,,,Not Applicable,,,,
50045772,SHAHI MOGHUL INDIAN RESTAURANT,BROOKLYN,11217,Other,1900-01-01,,,Not Applicable,,,,
50045458,ROUND 2 CAFE,BROOKLYN,11203,Caribbean,1900-01-01,,,Not Applicable,,,,
50046319,,BROOKLYN,11228,Other,1900-01-01,,,Not Applicable,,,,
50047503,JUICE PRESS,MANHATTAN,10002,Other,1900-01-01,,,Not Applicable,,,,
50045812,,MANHATTAN,10035,Other,1900-01-01,,,Not Applicable,,,,
50046176,,MANHATTAN,10032,Other,1900-01-01,,,Not Applicable,,,,
50013988,MASUYO ASIAN FUSION,QUEENS,11367,Asian,1900-01-01,,,Not Applicable,,,,
50044842,,MANHATTAN,10032,Other,1900-01-01,,,Not Applicable,,,,
50047589,JUICE PRESS,BROOKLYN,11201,Other,1900-01-01,,,Not Applicable,,,,
50033068,ZEUS LOUNGE,BRONX,10453,Other,1900-01-01,,,Not Applicable,,,,
50047508,JUICE PRESS,MANHATTAN,10010,Other,1900-01-01,,,Not Applicable,,,,
50043746,HU KITCHEN,MANHATTAN,10028,American,1900-01-01,,,Not Applicable,,,,
50046941,GOOGLE PANORAMA,MANHATTAN,10011,Other,1900-01-01,,,Not Applicable,,,,
50046744,,BROOKLYN,11221,Other,1900-01-01,,,Not Applicable,,,,
50046381,,BROOKLYN,11207,Other,1900-01-01,,,Not Applicable,,,,
50049327,,BROOKLYN,11235,Other,1900-01-01,,,Not Applicable,,,,
50045229,,MANHATTAN,10036,Other,1900-01-01,,,Not Applicable,,,,
50046505,,BROOKLYN,11216,Other,1900-01-01,,,Not Applicable,,,,
50043774,,MANHATTAN,10038,Other,1900-01-01,,,Not Applicable,,,,
50048026,HARD TIMES SUNDAES,MANHATTAN,10169,Other,1900-01-01,,,Not Applicable,,,,
50047638,,MANHATTAN,10017,Other,1900-01-01,,,Not Applicable,,,,
50044852,BERLIN CURRYWURST,MANHATTAN,10011,Other,1900-01-01,,,Not Applicable,,,,
50045126,,BROOKLYN,11234,Other,1900-01-01,,,Not Applicable,,,,
50046780,BLUE BOTTLE COFFEE,MANHATTAN,10021,CafÃ©/Coffee/Tea,1900-01-01,,,Not Applicable,,,,
50047592,,MANHATTAN,10011,Other,1900-01-01,,,Not Applicable,,,,
50048795,KALE,MANHATTAN,10017,Other,1900-01-01,,,Not Applicable,,,,
50045451,SAKURA,BROOKLYN,11211,Other,1900-01-01,,,Not Applicable,,,,
50046534,,MANHATTAN,10016,Other,1900-01-01,,,Not Applicable,,,,
50047547,,BROOKLYN,11237,Other,1900-01-01,,,Not Applicable,,,,
50046405,MUGHLAI,MANHATTAN,10010,Other,1900-01-01,,,Not Applicable,,,,
50040996,SOL BAR & GRILL,QUEENS,11361,American,1900-01-01,,,Not Applicable,,,,
50047067,STARBUCKS COFFEE #22596,BROOKLYN,11249,Other,1900-01-01,,,Not Applicable,,,,
50018511,SAUVAGE,BROOKLYN,11222,Other,1900-01-01,,,Not Applicable,,,,
50049097,,BROOKLYN,11226,Other,1900-01-01,,,Not Applicable,,,,
50047326,,BROOKLYN,11237,Other,1900-01-01,,,Not Applicable,,,,
50048460,STARBUCKS COFFEE #28168,MANHATTAN,10036,Other,1900-01-01,,,Not Applicable,,,,
50047863,,MANHATTAN,10034,Other,1900-01-01,,,Not Applicable,,,,
50046002,,QUEENS,11106,Other,1900-01-01,,,Not Applicable,,,,
50049338,,BROOKLYN,11226,Other,1900-01-01,,,Not Applicable,,,,
50049250,,BROOKLYN,11226,Other,1900-01-01,,,Not Applicable,,,,
50047842,,STATEN ISLAND,10301,Other,1900-01-01,,,Not Applicable,,,,
50049399,SUSHI AND BENTO,MANHATTAN,10018,Other,1900-01-01,,,Not Applicable,,,,
50047422,CITY ISLAND FROZEN YOGURT,BRONX,10464,Other,1900-01-01,,,Not Applicable,,,,
50045221,ADMIRAL'S CLUB,QUEENS,11371,Other,1900-01-01,,,Not Applicable,,,,
50048731,Gong Cha,MANHATTAN,10013,Other,1900-01-01,,,Not Applicable,,,,
50044177,GINA AMERICANA,MANHATTAN,10128,American,1900-01-01,,,Not Applicable,,,,
50048932,,MANHATTAN,10035,Other,1900-01-01,,,Not Applicable,,,,
50045851,ROAST KITCHEN,MANHATTAN,10018,Other,1900-01-01,,,Not Applicable,,,,
50047347,DUETSCHE BANK - EXECUTIVE DINING ROOM,MANHATTAN,10005,Other,1900-01-01,,,Not Applicable,,,,
50048989,,BROOKLYN,11235,Other,1900-01-01,,,Not Applicable,,,,
50047788,,BROOKLYN,11237,Other,1900-01-01,,,Not Applicable,,,,
50049069,THE PIZZA (SPACE # 3),MANHATTAN,10019,Other,1900-01-01,,,Not Applicable,,,,
50046556,DIZENGOFF,MANHATTAN,10011,Other,1900-01-01,,,Not Applicable,,,,
50047614,,BROOKLYN,11208,Other,1900-01-01,,,Not Applicable,,,,
50046194,ACQUOLINA LLC,MANHATTAN,10035,Other,1900-01-01,,,Not Applicable,,,,
50047253,,BROOKLYN,11203,Other,1900-01-01,,,Not Applicable,,,,
50046007,,QUEENS,11432,Other,1900-01-01,,,Not Applicable,,,,
50047978,EAST HARLEM BOTTLING CO,MANHATTAN,10029,Other,1900-01-01,,,Not Applicable,,,,
50035437,ULIVO,MANHATTAN,10001,Italian,1900-01-01,,,Not Applicable,,,,
50046003,THE PANDERING PIG,MANHATTAN,10033,Other,1900-01-01,,,Not Applicable,,,,
50049018,,MANHATTAN,10014,Other,1900-01-01,,,Not Applicable,,,,
50049017,,QUEENS,11354,Other,1900-01-01,,,Not Applicable,,,,
50046957,,QUEENS,11105,Other,1900-01-01,,,Not Applicable,,,,
50041963,DOMA,QUEENS,11104,Other,1900-01-01,,,Not Applicable,,,,
50046138,,BRONX,10467,Other,1900-01-01,,,Not Applicable,,,,
50048463,,BROOKLYN,11232,Other,1900-01-01,,,Not Applicable,,,,
50044344,AMBIANCE WINE & HOOKAH LOUNGE,STATEN ISLAND,10314,Italian,1900-01-01,,,Not Applicable,,,,
50046429,CHARO RESTAURANT,QUEENS,11368,Other,1900-01-01,,,Not Applicable,,,,
50046581,,BROOKLYN,11213,Other,1900-01-01,,,Not Applicable,,,,
50045612,ELI ZABAR'S ESSENTIALS,QUEENS,11430,Other,1900-01-01,,,Not Applicable,,,,
50014518,HARBOR EATS,STATEN ISLAND,10310,Other,1900-01-01,,,Not Applicable,,,,
50044864,NAKAMURA,MANHATTAN,10002,Other,1900-01-01,,,Not Applicable,,,,
50046784,MILK BAR CHELSEA,MANHATTAN,10011,Other,1900-01-01,,,Not Applicable,,,,
50049326,,MANHATTAN,10026,Other,1900-01-01,,,Not Applicable,,,,
50045739,,MANHATTAN,10036,Other,1900-01-01,,,Not Applicable,,,,
50049092,,QUEENS,11412,Other,1900-01-01,,,Not Applicable,,,,
50048588,THE BEATRICE INN,MANHATTAN,10014,Other,1900-01-01,,,Not Applicable,,,,
50048230,,BROOKLYN,11209,Other,1900-01-01,,,Not Applicable,,,,
50046817,FIKA,MANHATTAN,10019,Other,1900-01-01,,,Not Applicable,,,,
50042418,CHILPANCINGO RESTAURANT,BRONX,10467,Other,1900-01-01,,,Not Applicable,,,,
50046037,,BROOKLYN,11229,Other,1900-01-01,,,Not Applicable,,,,
50049193,BAOBURG,BROOKLYN,11222,Other,1900-01-01,,,Not Applicable,,,,
50045040,CENTRAL,BRONX,10461,Other,1900-01-01,,,Not Applicable,,,,
50048515,,MANHATTAN,10023,Other,1900-01-01,,,Not Applicable,,,,
50048250,LOTTE NEW YORK PALACE,MANHATTAN,10022,Other,1900-01-01,,,Not Applicable,,,,
50047860,EMPIRE STEAK HOUSE,MANHATTAN,10022,Other,1900-01-01,,,Not Applicable,,,,
50047657,CIPOTLE MEXICAN GRILL #2704,MANHATTAN,10013,Other,1900-01-01,,,Not Applicable,,,,
50018447,KAFU RESTAURANT,BROOKLYN,11226,Other,1900-01-01,,,Not Applicable,,,,
50046274,POPEYE'S,BROOKLYN,11210,Other,1900-01-01,,,Not Applicable,,,,
50017226,W XYZ BAR,MANHATTAN,10038,Other,1900-01-01,,,Not Applicable,,,,
50046356,,MANHATTAN,10014,Other,1900-01-01,,,Not Applicable,,,,
50042075,COLBEH CATERING,QUEENS,11362,Other,1900-01-01,,,Not Applicable,,,,
50045493,GRAND TIER RESTAURANT @ METROPOLITAN OPERA,MANHATTAN,10023,Other,1900-01-01,,,Not Applicable,,,,
50046910,PAPAYA KING,BROOKLYN,11217,Other,1900-01-01,,,Not Applicable,,,,
50048726,,BROOKLYN,11223,Other,1900-01-01,,,Not Applicable,,,,
50049320,ICHIRAN  NY RESTAURANT,BROOKLYN,11206,Other,1900-01-01,,,Not Applicable,,,,
50045752,,BROOKLYN,11204,Other,1900-01-01,,,Not Applicable,,,,
50048511,THE BOIL,MANHATTAN,10003,Other,1900-01-01,,,Not Applicable,,,,
50048772,,MANHATTAN,10027,Other,1900-01-01,,,Not Applicable,,,,
50045634,,MANHATTAN,10013,Other,1900-01-01,,,Not Applicable,,,,
50046056,,QUEENS,11355,Other,1900-01-01,,,Not Applicable,,,,
50048157,STARBUCKS# 23044,MANHATTAN,10001,Other,1900-01-01,,,Not Applicable,,,,
50045404,AFRICAN HOME RESTAURANT,BRONX,10453,Other,1900-01-01,,,Not Applicable,,,,
50047355,RIO SAMBA RESTAURANT AND BAR,MANHATTAN,10035,Other,1900-01-01,,,Not Applicable,,,,
50047921,,BROOKLYN,11234,Other,1900-01-01,,,Not Applicable,,,,
50045626,,BRONX,10461,Other,1900-01-01,,,Not Applicable,,,,
50049165,,QUEENS,11355,Other,1900-01-01,,,Not Applicable,,,,
50043586,,MANHATTAN,10032,Other,1900-01-01,,,Not Applicable,,,,
50045780,,BROOKLYN,11223,Other,1900-01-01,,,Not Applicable,,,,
50045708,,BROOKLYN,11203,Other,1900-01-01,,,Not Applicable,,,,
50048850,THE HOP SHOPPE,STATEN ISLAND,10304,Other,1900-01-01,,,Not Applicable,,,,
50048897,GROUND CENTRAL COFFEE COMPANY,MANHATTAN,10004,Other,1900-01-01,,,Not Applicable,,,,
50046213,,BROOKLYN,11220,Other,1900-01-01,,,Not Applicable,,,,
50048152,Dosa Royale,BROOKLYN,11205,Other,1900-01-01,,,Not Applicable,,,,
50047588,JUICE PRESS,MANHATTAN,10007,Other,1900-01-01,,,Not Applicable,,,,
50047907,,MANHATTAN,10002,Other,1900-01-01,,,Not Applicable,,,,
50046848,POTATO CORNER,QUEENS,11373,Other,1900-01-01,,,Not Applicable,,,,
50046540,MODOO CHICKEN,QUEENS,11361,Other,1900-01-01,,,Not Applicable,,,,
50048858,,QUEENS,11101,Other,1900-01-01,,,Not Applicable,,,,
50044787,VICTOR BAR AND RESTAURANT,QUEENS,11385,Other,1900-01-01,,,Not Applicable,,,,
50047261,SOUL CITY RESTAURANT,QUEENS,11434,Other,1900-01-01,,,Not Applicable,,,,
50049024,,MANHATTAN,10025,Other,1900-01-01,,,Not Applicable,,,,
50046510,,BRONX,10469,Other,1900-01-01,,,Not Applicable,,,,
50049016,,MANHATTAN,10030,Other,1900-01-01,,,Not Applicable,,,,
50049022,,BROOKLYN,11215,Other,1900-01-01,,,Not Applicable,,,,
50047727,NYLC LOUNGE,BRONX,10458,Other,1900-01-01,,,Not Applicable,,,,
50035307,Razor's Bar & Lounge,BROOKLYN,11206,Other,1900-01-01,,,Not Applicable,,,,
50049107,,MANHATTAN,10028,Other,1900-01-01,,,Not Applicable,,,,
50048585,SAMMYS GOURMET,MANHATTAN,10029,Other,1900-01-01,,,Not Applicable,,,,
50047738,,BROOKLYN,11225,Other,1900-01-01,,,Not Applicable,,,,
50046042,,BRONX,10458,Other,1900-01-01,,,Not Applicable,,,,
50047578,,QUEENS,11415,Other,1900-01-01,,,Not Applicable,,,,
50038958,ONE IF BY LAND TWO IF BY SEA,MANHATTAN,10014,Armenian,1900-01-01,,,Not Applicable,,,,
50049331,,BROOKLYN,11222,Other,1900-01-01,,,Not Applicable,,,,
50043841,BROOKFIELD PLACE CONF CENTER,MANHATTAN,10281,Other,1900-01-01,,,Not Applicable,,,,
50044597,FRANKS PIZZA AND PASTA INC,BRONX,10467,Other,1900-01-01,,,Not Applicable,,,,
50045956,,BROOKLYN,11210,Other,1900-01-01,,,Not Applicable,,,,
50049403,,BROOKLYN,11205,Other,1900-01-01,,,Not Applicable,,,,
50049020,,MANHATTAN,10023,Other,1900-01-01,,,Not Applicable,,,,
50048659,SUBSATIONAL,BROOKLYN,11230,Other,1900-01-01,,,Not Applicable,,,,
50048685,,MANHATTAN,10033,Other,1900-01-01,,,Not Applicable,,,,
50049008,TABLETIME,MANHATTAN,10017,Other,1900-01-01,,,Not Applicable,,,,
50048354,,BROOKLYN,11237,Other,1900-01-01,,,Not Applicable,,,,
50046387,TWO LIZARDS MEXICAN BAR & GRIL,QUEENS,11105,Other,1900-01-01,,,Not Applicable,,,,
50039124,YAYA BUBBLE TEA,BROOKLYN,11223,Other,1900-01-01,,,Not Applicable,,,,
50036177,DAILY GRIND COFFEE,MANHATTAN,10038,CafÃ©/Coffee/Tea,1900-01-01,,,Not Applicable,,,,
50046318,,BROOKLYN,11234,Other,1900-01-01,,,Not Applicable,,,,
50049236,HAMILTON'S BAKERY,MANHATTAN,10031,Other,1900-01-01,,,Not Applicable,,,,
50048589,,QUEENS,11693,Other,1900-01-01,,,Not Applicable,,,,
50048385,,QUEENS,11377,Other,1900-01-01,,,Not Applicable,,,,
50048304,,QUEENS,11420,Other,1900-01-01,,,Not Applicable,,,,
50048496,,BROOKLYN,11214,Other,1900-01-01,,,Not Applicable,,,,
50043150,BETWEEN THE BREAD,MANHATTAN,10001,Other,1900-01-01,,,Not Applicable,,,,
50047172,,QUEENS,11432,Other,1900-01-01,,,Not Applicable,,,,
50049300,ABITINO'S PIZZA,MANHATTAN,10019,Other,1900-01-01,,,Not Applicable,,,,
50045106,,MANHATTAN,10027,Other,1900-01-01,,,Not Applicable,,,,
50045661,,BROOKLYN,11208,Other,1900-01-01,,,Not Applicable,,,,
50048064,,BRONX,10469,Other,1900-01-01,,,Not Applicable,,,,
50046205,,QUEENS,11368,Other,1900-01-01,,,Not Applicable,,,,
50047798,,QUEENS,11426,Other,1900-01-01,,,Not Applicable,,,,
50044654,The Gantry LIC,QUEENS,11101,Other,1900-01-01,,,Not Applicable,,,,
50046461,NEW GARDEN,STATEN ISLAND,10306,Other,1900-01-01,,,Not Applicable,,,,
50047659,COFFEED,MANHATTAN,10035,Other,1900-01-01,,,Not Applicable,,,,
50049021,,MANHATTAN,10029,Other,1900-01-01,,,Not Applicable,,,,
50045820,,MANHATTAN,10012,Other,1900-01-01,,,Not Applicable,,,,
50048600,THE OLIVE GARDEN ITALIAN RESTAURANT #4481,MANHATTAN,10027,Other,1900-01-01,,,Not Applicable,,,,
50045397,,BRONX,10461,Other,1900-01-01,,,Not Applicable,,,,
50047030,SUBABA,MANHATTAN,10033,Other,1900-01-01,,,Not Applicable,,,,
50043743,THE DAIRY,BROOKLYN,11232,Other,1900-01-01,,,Not Applicable,,,,
50043987,,BROOKLYN,11249,Other,1900-01-01,,,Not Applicable,,,,
50048576,,MANHATTAN,10031,Other,1900-01-01,,,Not Applicable,,,,
50046726,CHIRPING CHICKEN,MANHATTAN,10017,Other,1900-01-01,,,Not Applicable,,,,
50046198,,MANHATTAN,10016,Other,1900-01-01,,,Not Applicable,,,,
50047134,,QUEENS,11373,Other,1900-01-01,,,Not Applicable,,,,
50046777,,BROOKLYN,11214,Other,1900-01-01,,,Not Applicable,,,,
50048023,,BROOKLYN,11234,Other,1900-01-01,,,Not Applicable,,,,
50039820,MARKET BAR,MANHATTAN,10038,American,1900-01-01,,,Not Applicable,,,,
50048906,C BAO ASIAN BUNS& MORE,QUEENS,11378,Other,1900-01-01,,,Not Applicable,,,,
50047970,CACHACO INTERNATIONAL DELI,BROOKLYN,11222,Other,1900-01-01,,,Not Applicable,,,,
50046751,NEW WELL BEING KOREA,QUEENS,11354,Other,1900-01-01,,,Not Applicable,,,,
50045272,ENTRE AMIGO,MANHATTAN,10032,Other,1900-01-01,,,Not Applicable,,,,
50047823,,BRONX,10466,Other,1900-01-01,,,Not Applicable,,,,
50046715,GENTILLY,MANHATTAN,10014,Other,1900-01-01,,,Not Applicable,,,,
50035055,,QUEENS,11372,Other,1900-01-01,,,Not Applicable,,,,
50048235,LOTTE NEW YORK PALACE VILLARD,MANHATTAN,10022,Other,1900-01-01,,,Not Applicable,,,,
50046795,CHINA BOY I,MANHATTAN,10022,Other,1900-01-01,,,Not Applicable,,,,
50040241,BIG WILLS HOT SANDWICHES,QUEENS,11102,Other,1900-01-01,,,Not Applicable,,,,
50047128,,MANHATTAN,10005,Other,1900-01-01,,,Not Applicable,,,,
50048563,,BROOKLYN,11228,Other,1900-01-01,,,Not Applicable,,,,
50046134,,MANHATTAN,10009,Other,1900-01-01,,,Not Applicable,,,,
50043790,PRIMA DONNA RISTORANTE,QUEENS,11372,Other,1900-01-01,,,Not Applicable,,,,
50044565,,QUEENS,11105,Other,1900-01-01,,,Not Applicable,,,,
50046741,,MANHATTAN,10034,Other,1900-01-01,,,Not Applicable,,,,
50044908,CHIVE BLOSSOM,BROOKLYN,11249,Other,1900-01-01,,,Not Applicable,,,,
50048221,,MANHATTAN,10019,Other,1900-01-01,,,Not Applicable,,,,
50045803,PUNJABI KABAB AND GYRO,QUEENS,11419,Other,1900-01-01,,,Not Applicable,,,,
50044508,PASQUALE JONES,MANHATTAN,10012,Other,1900-01-01,,,Not Applicable,,,,
50043998,PLAZA CHICKEN MARKET,QUEENS,11101,Other,1900-01-01,,,Not Applicable,,,,
50045295,TREEHOUSE,BROOKLYN,11216,Caribbean,1900-01-01,,,Not Applicable,,,,
50047855,,MANHATTAN,10011,Other,1900-01-01,,,Not Applicable,,,,
50046803,,MANHATTAN,10021,Other,1900-01-01,,,Not Applicable,,,,
50046021,,BROOKLYN,11205,Other,1900-01-01,,,Not Applicable,,,,
50043714,,MANHATTAN,10001,Other,1900-01-01,,,Not Applicable,,,,
50048146,INTERCONTINENTAL BARCLAY,MANHATTAN,10017,Other,1900-01-01,,,Not Applicable,,,,
50036220,ROOF AT PARK SOUTH,MANHATTAN,10016,Other,1900-01-01,,,Not Applicable,,,,
50046884,,QUEENS,11354,Other,1900-01-01,,,Not Applicable,,,,
50047152,SECTION 5 PIZZA,BRONX,10475,Other,1900-01-01,,,Not Applicable,,,,
50045356,,MANHATTAN,10029,Other,1900-01-01,,,Not Applicable,,,,
41639593,LA NUEVA CLASICA ANTILLANA,BROOKLYN,11206,Spanish,1900-01-01,,,Not Applicable,,,,
50044438,EDWIN & NEAL'S,MANHATTAN,10003,Seafood,1900-01-01,,,Not Applicable,,,,
50045442,,QUEENS,11417,Other,1900-01-01,,,Not Applicable,,,,
50048506,BLOSSOM ICE CREAM,BROOKLYN,11201,Other,1900-01-01,,,Not Applicable,,,,
50048693,,QUEENS,11411,Other,1900-01-01,,,Not Applicable,,,,
50049373,PAPA JOHN'S PIZZA,MANHATTAN,10031,Other,1900-01-01,,,Not Applicable,,,,
50044828,EGGLOO,MANHATTAN,10013,Other,1900-01-01,,,Not Applicable,,,,
50047876,CITY FARM CAFE,BROOKLYN,11217,Other,1900-01-01,,,Not Applicable,,,,
50049033,,MANHATTAN,10025,Other,1900-01-01,,,Not Applicable,,,,
50048590,JANE STREET,MANHATTAN,10281,Other,1900-01-01,,,Not Applicable,,,,
50044179,HOU YI,MANHATTAN,10003,Asian,1900-01-01,,,Not Applicable,,,,
50047785,,MANHATTAN,10011,Other,1900-01-01,,,Not Applicable,,,,
50047147,PERLA CAFE,MANHATTAN,10014,Other,1900-01-01,,,Not Applicable,,,,
50044523,,BRONX,10461,Other,1900-01-01,,,Not Applicable,,,,
50046612,,BROOKLYN,11229,Other,1900-01-01,,,Not Applicable,,,,
50018538,STEINWAY CAFE,QUEENS,11105,Other,1900-01-01,,,Not Applicable,,,,
50037852,HENRY NORMAN HOTEL,BROOKLYN,11222,American,1900-01-01,,,Not Applicable,,,,
50047498,MODOO CHICKEN,QUEENS,11361,Other,1900-01-01,,,Not Applicable,,,,
50047002,ALGERN,MANHATTAN,10017,Other,1900-01-01,,,Not Applicable,,,,
50049217,,BROOKLYN,11208,Other,1900-01-01,,,Not Applicable,,,,
50047195,,MANHATTAN,10035,Other,1900-01-01,,,Not Applicable,,,,
50047334,MELTKRAFT,MANHATTAN,10019,Other,1900-01-01,,,Not Applicable,,,,
50047510,JUICE PRESS,MANHATTAN,10022,Other,1900-01-01,,,Not Applicable,,,,
